-- phpMyAdmin SQL Dump
-- version 4.9.2
-- https://www.phpmyadmin.net/
--
-- Host: 127.0.0.1
-- Generation Time: Feb 22, 2020 at 03:06 PM
-- Server version: 10.4.11-MariaDB
-- PHP Version: 7.2.26

SET SQL_MODE = "NO_AUTO_VALUE_ON_ZERO";
SET AUTOCOMMIT = 0;
START TRANSACTION;
SET time_zone = "+00:00";


/*!40101 SET @OLD_CHARACTER_SET_CLIENT=@@CHARACTER_SET_CLIENT */;
/*!40101 SET @OLD_CHARACTER_SET_RESULTS=@@CHARACTER_SET_RESULTS */;
/*!40101 SET @OLD_COLLATION_CONNECTION=@@COLLATION_CONNECTION */;
/*!40101 SET NAMES utf8mb4 */;

--
-- Database: `althealthcare`
--

-- --------------------------------------------------------

--
-- Table structure for table `booking`
--

CREATE TABLE `booking` (
  `apmnt_date` date NOT NULL,
  `client_id_num` varchar(15) DEFAULT NULL,
  `start_time` time NOT NULL,
  `end_time` time DEFAULT NULL,
  `comments` text DEFAULT NULL
) ENGINE=InnoDB DEFAULT CHARSET=latin1;

--
-- Dumping data for table `booking`
--

INSERT INTO `booking` (`apmnt_date`, `client_id_num`, `start_time`, `end_time`, `comments`) VALUES
('2010-01-28', '2012190284086', '14:00:00', '15:00:00', '           '),
('2010-07-10', '7212170290085', '13:00:00', '14:00:00', ''),
('2010-07-19', '8807130418086', '07:00:00', '09:00:00', ''),
('2010-08-01', '4708110702087', '09:00:00', '10:00:00', ''),
('2010-08-05', '8610120779086', '09:00:00', '10:00:00', '           '),
('2010-08-13', '9003280235085', '09:00:00', '10:00:00', ''),
('2011-01-01', '650402056081', '10:00:00', '12:00:00', ''),
('2011-01-14', '2808250506083', '08:00:00', '10:00:00', ''),
('2011-01-16', '4804180882084', '08:00:00', '10:00:00', ''),
('2011-02-05', '9202010527088', '08:00:00', '10:00:00', ''),
('2011-02-05', '1512140600088', '13:00:00', '14:00:00', ''),
('2011-03-02', '7902150410084', '10:00:00', '12:00:00', ''),
('2011-03-06', '630710012087', '10:00:00', '12:00:00', ''),
('2011-03-10', '9710230788081', '08:00:00', '10:00:00', ''),
('2011-03-14', '1908150375082', '07:00:00', '09:00:00', ''),
('2011-04-08', '7312050486084', '13:00:00', '14:00:00', ''),
('2011-05-03', '8009100659085', '09:00:00', '10:00:00', ''),
('2011-05-28', '5507140417085', '13:00:00', '14:00:00', ''),
('2011-06-25', '4708110702087', '09:00:00', '10:00:00', ''),
('2011-06-27', '1311240354085', '09:00:00', '10:00:00', ''),
('2011-07-04', '9710230788081', '07:00:00', '09:00:00', ''),
('2011-07-11', '4003100886084', '07:00:00', '09:00:00', ''),
('2011-08-08', '2709110853083', '07:00:00', '09:00:00', ''),
('2011-08-27', '9204240981082', '13:00:00', '14:00:00', ''),
('2011-09-09', '4512030696084', '07:00:00', '09:00:00', ''),
('2011-10-07', '2210130900088', '10:00:00', '12:00:00', ''),
('2011-10-25', '6509220788082', '13:00:00', '14:00:00', ''),
('2011-10-26', '400422050085', '09:00:00', '10:00:00', ''),
('2011-11-27', '8504060165087', '08:00:00', '10:00:00', ''),
('2011-12-02', '7701030854083', '13:00:00', '14:00:00', ''),
('2011-12-04', '4906270884086', '09:00:00', '10:00:00', ''),
('2011-12-10', '4812160561083', '13:00:00', '14:00:00', ''),
('2012-01-06', '1205040963082', '08:00:00', '10:00:00', ''),
('2012-01-20', '8807130418086', '09:00:00', '10:00:00', ''),
('2012-01-20', '7808140304084', '13:00:00', '14:00:00', ''),
('2012-01-22', '82032206087', '10:00:00', '12:00:00', ''),
('2012-01-27', '290611026087', '08:00:00', '10:00:00', ''),
('2012-01-28', '3503100678084', '10:00:00', '12:00:00', ''),
('2012-02-01', '3004230801084', '10:00:00', '12:00:00', ''),
('2012-02-14', '7312170466084', '07:00:00', '09:00:00', ''),
('2012-02-20', '2012200849081', '09:00:00', '10:00:00', ''),
('2012-02-25', '2809260609084', '10:00:00', '12:00:00', ''),
('2012-03-07', '7202270202087', '13:00:00', '14:00:00', ''),
('2012-03-24', '7701260528087', '09:00:00', '10:00:00', ''),
('2012-03-26', '630710012087', '13:00:00', '14:00:00', ''),
('2012-04-06', '2104030218083', '09:00:00', '10:00:00', ''),
('2012-04-09', '3601280328086', '10:00:00', '12:00:00', ''),
('2012-04-09', '3602250350086', '14:00:00', '15:00:00', ''),
('2012-04-11', '3001280724084', '14:00:00', '15:00:00', ''),
('2012-04-12', '4601060264085', '09:00:00', '10:00:00', ''),
('2012-04-13', '9212120894085', '10:00:00', '12:00:00', ''),
('2012-04-19', '4307190367081', '14:00:00', '15:00:00', ''),
('2012-04-28', '1203280171086', '10:00:00', '12:00:00', ''),
('2012-05-11', '9710010812081', '14:00:00', '15:00:00', ''),
('2012-05-21', '2303030988083', '09:00:00', '10:00:00', ''),
('2012-05-22', '2906040747081', '14:00:00', '15:00:00', ''),
('2012-05-26', '1307090536085', '07:00:00', '09:00:00', ''),
('2012-05-26', '8802220958083', '14:00:00', '15:00:00', ''),
('2012-06-06', '6102220345081', '09:00:00', '10:00:00', ''),
('2012-06-08', '2709210905082', '08:00:00', '10:00:00', ''),
('2012-06-14', '1504280313088', '09:00:00', '10:00:00', ''),
('2012-06-25', '3410210326084', '14:00:00', '15:00:00', ''),
('2012-07-01', '8612040918085', '07:00:00', '09:00:00', ''),
('2012-07-04', '7003050348086', '09:00:00', '10:00:00', ''),
('2012-07-05', '9109270875081', '07:00:00', '09:00:00', ''),
('2012-07-10', '5209150693082', '14:00:00', '15:00:00', ''),
('2012-07-11', '8612040918085', '09:00:00', '10:00:00', ''),
('2012-07-14', '8906120948084', '09:00:00', '10:00:00', ''),
('2012-07-15', '8004280354084', '07:00:00', '09:00:00', ''),
('2012-07-16', '1810160413088', '10:00:00', '12:00:00', ''),
('2012-08-15', '7906010195081', '07:00:00', '09:00:00', ''),
('2012-08-19', '6605260331087', '07:00:00', '09:00:00', ''),
('2012-09-05', '8504060165087', '07:00:00', '09:00:00', 'This comment is for testing comment editing\r\nfor the appointment booking table. Created on the 6th of october.\r\n\r\nThis table has 5 olumns to test for editing.'),
('2012-09-23', '1302080439088', '10:00:00', '12:00:00', ''),
('2012-09-26', '9403280679088', '13:00:00', '14:00:00', ''),
('2012-10-01', '1011060902084', '08:00:00', '10:00:00', ''),
('2012-10-05', '7906010195081', '09:00:00', '10:00:00', ''),
('2012-10-14', '9504060158084', '07:00:00', '09:00:00', ''),
('2012-10-24', '2303030988083', '10:00:00', '12:00:00', ''),
('2012-10-25', '1203280171086', '13:00:00', '14:00:00', ''),
('2012-11-04', '1203280171086', '14:00:00', '15:00:00', ''),
('2012-11-19', '640428082086', '08:00:00', '10:00:00', ''),
('2012-11-22', '2805070756085', '10:00:00', '12:00:00', ''),
('2012-11-26', '1805020907085', '09:00:00', '10:00:00', ''),
('2012-12-01', '7212170290085', '14:00:00', '15:00:00', ''),
('2012-12-06', '1007230144085', '07:00:00', '09:00:00', ''),
('2012-12-06', '510523033088', '13:00:00', '14:00:00', ''),
('2012-12-07', '8610120779086', '10:00:00', '12:00:00', '           '),
('2012-12-11', '2703080994088', '09:00:00', '10:00:00', ''),
('2012-12-19', '2109180750085', '07:00:00', '09:00:00', ''),
('2012-12-28', '6408200513081', '09:00:00', '10:00:00', ''),
('2013-01-01', '2102130913085', '13:00:00', '14:00:00', ''),
('2013-01-03', '1104280343081', '13:00:00', '14:00:00', ''),
('2013-01-04', '4510260369082', '09:00:00', '10:00:00', ''),
('2013-01-05', '3909170450081', '09:00:00', '10:00:00', ''),
('2013-01-05', '7902150410084', '13:00:00', '14:00:00', ''),
('2013-01-06', '6201140807084', '10:00:00', '12:00:00', ''),
('2013-01-09', '5505090581082', '14:00:00', '15:00:00', ''),
('2013-01-11', '1311240354085', '10:00:00', '12:00:00', ''),
('2013-01-11', '9411220643082', '13:00:00', '14:00:00', ''),
('2013-01-16', '8409280542088', '14:00:00', '15:00:00', ''),
('2013-01-20', '1512170591085', '14:00:00', '15:00:00', ''),
('2013-01-22', '2011240231088', '10:00:00', '12:00:00', ''),
('2013-01-23', '3505100334081', '09:00:00', '10:00:00', ''),
('2013-01-26', '5706150123087', '10:00:00', '12:00:00', ''),
('2013-02-01', '2709110853083', '09:00:00', '10:00:00', ''),
('2013-02-02', '9701100285087', '07:00:00', '09:00:00', ''),
('2013-02-03', '3508030550085', '13:00:00', '14:00:00', ''),
('2013-02-03', '5703210321082', '14:00:00', '15:00:00', ''),
('2013-02-05', '9706130545082', '10:00:00', '12:00:00', ''),
('2013-02-05', '7704070438085', '13:00:00', '14:00:00', ''),
('2013-02-06', '3605040496081', '07:00:00', '09:00:00', ''),
('2013-02-07', '1906040694086', '14:00:00', '15:00:00', ''),
('2013-02-09', '8511250864088', '08:00:00', '10:00:00', ''),
('2013-02-09', '3902120576083', '14:00:00', '15:00:00', ''),
('2013-02-18', '1203280171086', '08:00:00', '10:00:00', ''),
('2013-02-20', '6705050635085', '13:00:00', '14:00:00', ''),
('2013-02-21', '4702060556086', '08:00:00', '10:00:00', ''),
('2013-02-22', '3305280817081', '13:00:00', '14:00:00', ''),
('2013-02-25', '8807130418086', '10:00:00', '12:00:00', ''),
('2013-02-26', '3508130716085', '14:00:00', '15:00:00', ''),
('2013-03-01', '9311100557082', '09:00:00', '10:00:00', ''),
('2013-03-01', '400422050085', '10:00:00', '12:00:00', ''),
('2013-03-02', '521023092081', '07:00:00', '09:00:00', ''),
('2013-03-06', '5308230754082', '10:00:00', '12:00:00', ''),
('2013-03-11', '9403280679088', '14:00:00', '15:00:00', ''),
('2013-03-12', '3610150249083', '07:00:00', '09:00:00', ''),
('2013-03-12', '2711130236088', '08:00:00', '10:00:00', ''),
('2013-03-12', '5001070584088', '09:00:00', '10:00:00', ''),
('2013-03-14', '1204030632082', '10:00:00', '12:00:00', ''),
('2013-03-16', '1504280313088', '10:00:00', '12:00:00', ''),
('2013-03-17', '8209260885087', '14:00:00', '15:00:00', ''),
('2013-03-22', '1107230618084', '08:00:00', '10:00:00', ''),
('2013-03-24', '1011060902084', '07:00:00', '09:00:00', ''),
('2013-03-24', '6509050392085', '10:00:00', '12:00:00', ''),
('2013-04-03', '2210130900088', '13:00:00', '14:00:00', ''),
('2013-04-04', '4905080506087', '07:00:00', '09:00:00', ''),
('2013-04-04', '3601280328086', '13:00:00', '14:00:00', ''),
('2013-04-05', '6204260308088', '08:00:00', '10:00:00', ''),
('2013-04-05', '5307060340088', '09:00:00', '10:00:00', ''),
('2013-04-06', '4202160138084', '07:00:00', '09:00:00', ''),
('2013-04-06', '2205140565082', '08:00:00', '10:00:00', ''),
('2013-04-07', '2709210905082', '07:00:00', '09:00:00', ''),
('2013-04-07', '6808120518082', '10:00:00', '12:00:00', ''),
('2013-04-09', '5212190473083', '10:00:00', '12:00:00', ''),
('2013-04-10', '7002130927081', '10:00:00', '12:00:00', ''),
('2013-04-10', '82032206087', '13:00:00', '14:00:00', ''),
('2013-04-11', '5202230409086', '07:00:00', '09:00:00', ''),
('2013-04-11', '3911070339085', '13:00:00', '14:00:00', ''),
('2013-04-14', '3509040348083', '09:00:00', '10:00:00', ''),
('2013-04-15', '2205140565082', '07:00:00', '09:00:00', ''),
('2013-04-17', '7004060440082', '10:00:00', '12:00:00', ''),
('2013-04-19', '5512160318087', '13:00:00', '14:00:00', ''),
('2013-04-21', '1003280163086', '08:00:00', '10:00:00', ''),
('2013-04-22', '4003100886084', '09:00:00', '10:00:00', ''),
('2013-04-28', '660620054086', '13:00:00', '14:00:00', ''),
('2013-04-28', '9204240981082', '14:00:00', '15:00:00', ''),
('2013-05-04', '6308240548084', '07:00:00', '09:00:00', ''),
('2013-05-07', '2605130248088', '09:00:00', '10:00:00', ''),
('2013-05-07', '7912110951087', '10:00:00', '12:00:00', ''),
('2013-05-07', '7902150410084', '14:00:00', '15:00:00', ''),
('2013-05-08', '4910190324088', '13:00:00', '14:00:00', ''),
('2013-05-11', '1803090222085', '07:00:00', '09:00:00', ''),
('2013-05-17', '2707050803087', '10:00:00', '12:00:00', ''),
('2013-05-21', '8907090202087', '14:00:00', '15:00:00', ''),
('2013-05-22', '5901150381088', '09:00:00', '10:00:00', ''),
('2013-05-23', '6803010610087', '08:00:00', '10:00:00', ''),
('2013-05-24', '151021036088', '14:00:00', '15:00:00', ''),
('2013-05-27', '9408100658087', '07:00:00', '09:00:00', ''),
('2013-05-28', '4601060264085', '10:00:00', '12:00:00', ''),
('2013-06-02', '7906010195081', '10:00:00', '12:00:00', ''),
('2013-06-06', '8709250986088', '09:00:00', '10:00:00', ''),
('2013-06-11', '2012190284086', '08:00:00', '10:00:00', '           '),
('2013-06-11', '2201120350085', '10:00:00', '12:00:00', ''),
('2013-06-12', '8810240788083', '07:00:00', '09:00:00', ''),
('2013-06-19', '4512220543086', '10:00:00', '12:00:00', ''),
('2013-06-20', '7912110951087', '13:00:00', '14:00:00', ''),
('2013-06-21', '7707250934088', '10:00:00', '12:00:00', ''),
('2013-06-23', '7906010195081', '13:00:00', '14:00:00', ''),
('2013-06-26', '7410130630081', '07:00:00', '09:00:00', ''),
('2013-06-27', '2703080994088', '10:00:00', '12:00:00', ''),
('2013-07-01', '2703080994088', '13:00:00', '14:00:00', ''),
('2013-07-02', '640428082086', '07:00:00', '09:00:00', ''),
('2013-07-02', '5608010370088', '10:00:00', '12:00:00', ''),
('2013-07-03', '2303030988083', '13:00:00', '14:00:00', ''),
('2013-07-09', '521023092081', '09:00:00', '10:00:00', ''),
('2013-07-09', '6609200993085', '14:00:00', '15:00:00', ''),
('2013-07-11', '9103060340082', '07:00:00', '09:00:00', ''),
('2013-07-12', '6803010610087', '07:00:00', '09:00:00', ''),
('2013-07-14', '4911280960085', '08:00:00', '10:00:00', ''),
('2013-07-17', '2804220399085', '09:00:00', '10:00:00', ''),
('2013-07-17', '3305280817081', '14:00:00', '15:00:00', ''),
('2013-07-18', '2309220589087', '10:00:00', '12:00:00', ''),
('2013-07-18', '9012110306084', '14:00:00', '15:00:00', ''),
('2013-07-20', '2411070180081', '08:00:00', '10:00:00', ''),
('2013-07-20', '3004230801084', '13:00:00', '14:00:00', ''),
('2013-07-20', '3605090332085', '14:00:00', '15:00:00', ''),
('2013-07-21', '7707250934088', '13:00:00', '14:00:00', ''),
('2013-07-26', '2704170868088', '14:00:00', '15:00:00', ''),
('2013-07-27', '9110230494081', '13:00:00', '14:00:00', ''),
('2013-08-05', '451201089085', '07:00:00', '09:00:00', ''),
('2013-08-05', '341216047088', '13:00:00', '14:00:00', ''),
('2013-08-06', '1805020907085', '09:00:00', '10:00:00', ''),
('2013-08-08', '3602250350086', '08:00:00', '10:00:00', ''),
('2013-08-08', '1003250239088', '13:00:00', '14:00:00', 'Edited comments and addition  of comments. \r\nDate edited 07/10/2019.\r\nEdited by Sbu                '),
('2013-08-11', '1204030632082', '13:00:00', '14:00:00', ''),
('2013-08-12', '4102140915085', '07:00:00', '09:00:00', ''),
('2013-08-12', '8703170594084', '08:00:00', '10:00:00', ''),
('2013-08-13', '4308010928085', '09:00:00', '10:00:00', ''),
('2013-08-13', '4509140295084', '14:00:00', '15:00:00', ''),
('2013-08-18', '2111130577081', '09:00:00', '10:00:00', ''),
('2013-08-19', '5703210321082', '08:00:00', '10:00:00', ''),
('2013-08-20', '5002080660085', '13:00:00', '14:00:00', ''),
('2013-08-22', '4710160845084', '13:00:00', '14:00:00', ''),
('2013-08-25', '6201140807084', '13:00:00', '14:00:00', ''),
('2013-08-27', '6201140807084', '14:00:00', '15:00:00', ''),
('2013-09-01', '7212170290085', '08:00:00', '10:00:00', ''),
('2013-09-01', '7205020213082', '10:00:00', '12:00:00', ''),
('2013-09-02', '290611026087', '07:00:00', '09:00:00', ''),
('2013-09-03', '9908260536088', '07:00:00', '09:00:00', ''),
('2013-09-03', '1011060902084', '09:00:00', '10:00:00', ''),
('2013-09-03', '2709110853083', '10:00:00', '12:00:00', ''),
('2013-09-05', '4211180586086', '08:00:00', '10:00:00', ''),
('2013-09-07', '5704100297086', '07:00:00', '09:00:00', ''),
('2013-09-08', '6602070398082', '10:00:00', '12:00:00', ''),
('2013-09-10', '5512160318087', '14:00:00', '15:00:00', ''),
('2013-09-11', '2411070180081', '07:00:00', '09:00:00', ''),
('2013-09-11', '9311100557082', '10:00:00', '12:00:00', ''),
('2013-09-11', '5608010370088', '13:00:00', '14:00:00', ''),
('2013-09-12', '740501094086', '08:00:00', '10:00:00', ''),
('2013-09-12', '7907160124082', '14:00:00', '15:00:00', ''),
('2013-09-13', '8104260177081', '07:00:00', '09:00:00', ''),
('2013-09-14', '730823030086', '13:00:00', '14:00:00', ''),
('2013-09-19', '7707250934088', '14:00:00', '15:00:00', ''),
('2013-09-22', '5612220214081', '07:00:00', '09:00:00', ''),
('2013-09-23', '7108280360087', '09:00:00', '10:00:00', ''),
('2013-09-23', '2309220589087', '13:00:00', '14:00:00', ''),
('2013-09-24', '1107230618084', '07:00:00', '09:00:00', ''),
('2013-09-25', '3208130215083', '07:00:00', '09:00:00', ''),
('2013-09-28', '4211180586086', '07:00:00', '09:00:00', ''),
('2013-09-28', '2007100717086', '09:00:00', '10:00:00', ''),
('2013-10-01', '3208130215083', '09:00:00', '10:00:00', ''),
('2013-10-01', '8902010959088', '10:00:00', '12:00:00', ''),
('2013-10-02', '1908150375082', '09:00:00', '10:00:00', ''),
('2013-10-02', '9412180136082', '14:00:00', '15:00:00', ''),
('2013-10-07', '3508130716085', '08:00:00', '10:00:00', ''),
('2013-10-07', '1401030341085', '14:00:00', '15:00:00', ''),
('2013-10-08', '2709210905082', '10:00:00', '12:00:00', ''),
('2013-10-10', '2711130236088', '07:00:00', '09:00:00', ''),
('2013-10-17', '8810240788083', '09:00:00', '10:00:00', ''),
('2013-10-18', '8802220958083', '08:00:00', '10:00:00', ''),
('2013-10-20', '9003280235085', '10:00:00', '12:00:00', ''),
('2013-10-24', '7912110951087', '14:00:00', '15:00:00', ''),
('2013-10-25', '531127094084', '14:00:00', '15:00:00', ''),
('2013-11-01', '4211180586086', '09:00:00', '10:00:00', ''),
('2013-11-02', '6209040562083', '08:00:00', '10:00:00', ''),
('2013-11-02', '5109040274081', '10:00:00', '12:00:00', ''),
('2013-11-03', '9109140754088', '10:00:00', '12:00:00', ''),
('2013-11-03', '6802050633083', '13:00:00', '14:00:00', ''),
('2013-11-07', '521023092081', '10:00:00', '12:00:00', ''),
('2013-11-10', '6204260308088', '07:00:00', '09:00:00', ''),
('2013-11-10', '7805110427084', '09:00:00', '10:00:00', ''),
('2013-11-14', '5907270761084', '14:00:00', '15:00:00', ''),
('2013-11-15', '7002130927081', '13:00:00', '14:00:00', ''),
('2013-11-16', '4804180882084', '07:00:00', '09:00:00', ''),
('2013-11-18', '2907080814082', '09:00:00', '10:00:00', ''),
('2013-11-19', '6311250169086', '14:00:00', '15:00:00', ''),
('2013-11-21', '6602070398082', '13:00:00', '14:00:00', ''),
('2013-11-21', '660620054086', '14:00:00', '15:00:00', ''),
('2013-11-23', '4508260675083', '08:00:00', '10:00:00', ''),
('2013-12-01', '7212170290085', '07:00:00', '09:00:00', ''),
('2013-12-04', '6910130773087', '07:00:00', '09:00:00', ''),
('2013-12-07', '521023092081', '13:00:00', '14:00:00', ''),
('2013-12-07', '3801170828084', '14:00:00', '15:00:00', ''),
('2013-12-08', '8008280468086', '08:00:00', '10:00:00', ''),
('2013-12-08', '1311240354085', '13:00:00', '14:00:00', ''),
('2013-12-09', '2411070180081', '09:00:00', '10:00:00', ''),
('2013-12-09', '2109050549084', '13:00:00', '14:00:00', ''),
('2013-12-10', '4005040289082', '10:00:00', '12:00:00', ''),
('2013-12-12', '8009100659085', '10:00:00', '12:00:00', ''),
('2013-12-15', '5910030388087', '07:00:00', '09:00:00', ''),
('2013-12-15', '9408100658087', '09:00:00', '10:00:00', ''),
('2013-12-17', '4103240120082', '09:00:00', '10:00:00', ''),
('2013-12-20', '8105100593086', '13:00:00', '14:00:00', ''),
('2013-12-21', '1412130177086', '08:00:00', '10:00:00', ''),
('2013-12-26', '5009140926088', '09:00:00', '10:00:00', ''),
('2013-12-27', '4111180106083', '13:00:00', '14:00:00', ''),
('2013-12-28', '531127094084', '08:00:00', '10:00:00', ''),
('2014-01-02', '8103140774084', '13:00:00', '14:00:00', ''),
('2014-01-03', '4104200140083', '10:00:00', '12:00:00', ''),
('2014-01-03', '5308230754082', '13:00:00', '14:00:00', ''),
('2014-01-07', '4511070585086', '13:00:00', '14:00:00', ''),
('2014-01-09', '4812160561083', '14:00:00', '15:00:00', ''),
('2014-01-19', '3001280724084', '08:00:00', '10:00:00', ''),
('2014-01-23', '8807180866088', '08:00:00', '10:00:00', ''),
('2014-01-25', '5512160318087', '08:00:00', '10:00:00', ''),
('2014-01-28', '3508130716085', '07:00:00', '09:00:00', ''),
('2014-02-02', '3306170196085', '07:00:00', '09:00:00', ''),
('2014-02-05', '9412180136082', '07:00:00', '09:00:00', ''),
('2014-02-10', '8306110412083', '09:00:00', '10:00:00', ''),
('2014-02-11', '3503100678084', '13:00:00', '14:00:00', ''),
('2014-02-14', '7009130331088', '13:00:00', '14:00:00', ''),
('2014-02-18', '8006220732085', '13:00:00', '14:00:00', ''),
('2014-02-20', '4104200140083', '13:00:00', '14:00:00', ''),
('2014-02-21', '7505030416082', '09:00:00', '10:00:00', ''),
('2014-02-25', '8902010959088', '13:00:00', '14:00:00', ''),
('2014-03-01', '7306050161086', '09:00:00', '10:00:00', ''),
('2014-03-03', '6511130973087', '07:00:00', '09:00:00', ''),
('2014-03-13', '851123068082', '08:00:00', '10:00:00', ''),
('2014-03-17', '4004220578084', '09:00:00', '10:00:00', ''),
('2014-03-19', '1311040718081', '09:00:00', '10:00:00', ''),
('2014-03-22', '4512220543086', '13:00:00', '14:00:00', ''),
('2014-03-23', '740501094086', '07:00:00', '09:00:00', ''),
('2014-03-25', '3605090332085', '08:00:00', '10:00:00', ''),
('2014-03-26', '6308240548084', '09:00:00', '10:00:00', ''),
('2014-04-04', '780622020088', '09:00:00', '10:00:00', ''),
('2014-04-06', '1003250239088', '14:00:00', '15:00:00', 'eeeee dddddddd ffff'),
('2014-04-12', '9109150355087', '08:00:00', '10:00:00', ''),
('2014-04-14', '6605260331087', '09:00:00', '10:00:00', ''),
('2014-04-23', '7411170290083', '13:00:00', '14:00:00', ''),
('2014-04-25', '4509140295084', '08:00:00', '10:00:00', ''),
('2014-04-26', '9601060188087', '07:00:00', '09:00:00', ''),
('2014-05-02', '5507140417085', '14:00:00', '15:00:00', ''),
('2014-05-06', '8501030560088', '08:00:00', '10:00:00', ''),
('2014-05-06', '3708100193088', '10:00:00', '12:00:00', ''),
('2014-05-06', '2005130271081', '13:00:00', '14:00:00', ''),
('2014-05-08', '5206110625085', '10:00:00', '12:00:00', ''),
('2014-05-08', '4005040289082', '13:00:00', '14:00:00', ''),
('2014-05-17', '5202230409086', '09:00:00', '10:00:00', ''),
('2014-05-17', '630710012087', '14:00:00', '15:00:00', ''),
('2014-05-23', '7511030931085', '13:00:00', '14:00:00', ''),
('2014-05-24', '9109270875081', '09:00:00', '10:00:00', ''),
('2014-05-27', '660620054086', '08:00:00', '10:00:00', ''),
('2014-05-27', '9504060158084', '09:00:00', '10:00:00', ''),
('2014-05-27', '7108280360087', '10:00:00', '12:00:00', ''),
('2014-06-01', '5805130165085', '10:00:00', '12:00:00', ''),
('2014-06-04', '6705050635085', '14:00:00', '15:00:00', ''),
('2014-06-07', '3912200408082', '08:00:00', '10:00:00', ''),
('2014-06-09', '8006220732085', '14:00:00', '15:00:00', ''),
('2014-06-13', '5507140417085', '08:00:00', '10:00:00', ''),
('2014-06-14', '8301170304085', '07:00:00', '09:00:00', ''),
('2014-06-14', '6802050633083', '14:00:00', '15:00:00', ''),
('2014-06-15', '8907280730087', '08:00:00', '10:00:00', ''),
('2014-06-15', '400422050085', '13:00:00', '14:00:00', ''),
('2014-07-14', '640428082086', '09:00:00', '10:00:00', ''),
('2014-07-15', '2704170868088', '08:00:00', '10:00:00', ''),
('2014-07-15', '2210130900088', '14:00:00', '15:00:00', ''),
('2014-07-16', '5109040274081', '14:00:00', '15:00:00', ''),
('2014-07-18', '2711130236088', '09:00:00', '10:00:00', ''),
('2014-07-20', '9403280679088', '08:00:00', '10:00:00', ''),
('2014-07-26', '5602060518087', '09:00:00', '10:00:00', ''),
('2014-07-28', '1603220911086', '07:00:00', '09:00:00', ''),
('2014-07-28', '5505230875081', '09:00:00', '10:00:00', ''),
('2014-08-01', '8103140774084', '14:00:00', '15:00:00', ''),
('2014-08-05', '6609200993085', '08:00:00', '10:00:00', ''),
('2014-08-09', '8703170594084', '07:00:00', '09:00:00', ''),
('2014-08-10', '7202270202087', '08:00:00', '10:00:00', ''),
('2014-08-10', '1501200671081', '14:00:00', '15:00:00', ''),
('2014-08-11', '5304280232082', '08:00:00', '10:00:00', ''),
('2014-08-12', '2902030264083', '07:00:00', '09:00:00', ''),
('2014-08-15', '9204240981082', '08:00:00', '10:00:00', ''),
('2014-08-16', '5805130165085', '13:00:00', '14:00:00', ''),
('2014-08-20', '9509040129082', '13:00:00', '14:00:00', ''),
('2014-08-21', '5206110625085', '13:00:00', '14:00:00', ''),
('2014-08-23', '8907280730087', '07:00:00', '09:00:00', ''),
('2014-08-24', '2907080814082', '10:00:00', '12:00:00', ''),
('2014-08-27', '6509220788082', '14:00:00', '15:00:00', ''),
('2014-09-01', '2811170937087', '08:00:00', '10:00:00', ''),
('2014-09-02', '3411260488085', '08:00:00', '10:00:00', ''),
('2014-09-03', '3001280724084', '07:00:00', '09:00:00', ''),
('2014-09-07', '4509220879086', '07:00:00', '09:00:00', ''),
('2014-09-07', '6408200513081', '10:00:00', '12:00:00', ''),
('2014-09-09', '2201120350085', '13:00:00', '14:00:00', ''),
('2014-09-11', '290611026087', '09:00:00', '10:00:00', ''),
('2014-09-12', '8610120779086', '13:00:00', '14:00:00', '           '),
('2014-09-20', '9911090794084', '10:00:00', '12:00:00', ''),
('2014-09-28', '7106160389084', '07:00:00', '09:00:00', ''),
('2014-09-28', '7410130630081', '09:00:00', '10:00:00', ''),
('2014-10-02', '9910120124085', '09:00:00', '10:00:00', ''),
('2014-10-03', '9010200680087', '13:00:00', '14:00:00', ''),
('2014-10-07', '1709280678088', '14:00:00', '15:00:00', ''),
('2014-10-10', '7801120638083', '07:00:00', '09:00:00', ''),
('2014-10-10', '5507130805081', '10:00:00', '12:00:00', ''),
('2014-10-10', '8902010959088', '14:00:00', '15:00:00', ''),
('2014-10-16', '2008190919082', '13:00:00', '14:00:00', ''),
('2014-10-17', '6706260635082', '07:00:00', '09:00:00', ''),
('2014-10-18', '3909170450081', '10:00:00', '12:00:00', ''),
('2014-10-19', '1302080439088', '13:00:00', '14:00:00', ''),
('2014-11-05', '7912110951087', '08:00:00', '10:00:00', ''),
('2014-11-17', '3305280817081', '08:00:00', '10:00:00', ''),
('2014-11-19', '2008190919082', '14:00:00', '15:00:00', ''),
('2014-11-25', '3809260231088', '07:00:00', '09:00:00', ''),
('2014-11-25', '2902030264083', '09:00:00', '10:00:00', ''),
('2014-11-27', '2210130900088', '08:00:00', '10:00:00', ''),
('2014-12-07', '1107230618084', '09:00:00', '10:00:00', ''),
('2014-12-13', '4504280921086', '14:00:00', '15:00:00', ''),
('2014-12-24', '2704170868088', '07:00:00', '09:00:00', ''),
('2014-12-25', '531127094084', '07:00:00', '09:00:00', ''),
('2014-12-26', '1012070281082', '10:00:00', '12:00:00', ''),
('2014-12-27', '5505120413085', '07:00:00', '09:00:00', ''),
('2014-12-28', '6609200993085', '07:00:00', '09:00:00', ''),
('2015-01-01', '7809130240082', '08:00:00', '10:00:00', ''),
('2015-01-06', '8502060290083', '13:00:00', '14:00:00', ''),
('2015-01-14', '5705080129087', '09:00:00', '10:00:00', ''),
('2015-01-15', '960124047081', '09:00:00', '10:00:00', ''),
('2015-01-17', '8101060996085', '09:00:00', '10:00:00', ''),
('2015-01-20', '5512160318087', '07:00:00', '09:00:00', ''),
('2015-01-26', '950310057086', '07:00:00', '09:00:00', ''),
('2015-02-03', '1501200671081', '08:00:00', '10:00:00', ''),
('2015-02-04', '2009210740082', '07:00:00', '09:00:00', ''),
('2015-02-07', '8309040682084', '09:00:00', '10:00:00', ''),
('2015-02-07', '7009130331088', '14:00:00', '15:00:00', ''),
('2015-02-08', '2902030264083', '10:00:00', '12:00:00', ''),
('2015-02-10', '1007230144085', '09:00:00', '10:00:00', ''),
('2015-02-12', '1412130177086', '07:00:00', '09:00:00', ''),
('2015-02-21', '6711170133088', '10:00:00', '12:00:00', ''),
('2015-02-22', '8508170901082', '10:00:00', '12:00:00', ''),
('2015-02-26', '6404030447088', '07:00:00', '09:00:00', ''),
('2015-03-04', '2201120350085', '14:00:00', '15:00:00', ''),
('2015-03-06', '1810160413088', '13:00:00', '14:00:00', ''),
('2015-03-08', '2804070757085', '08:00:00', '10:00:00', ''),
('2015-03-16', '9509040129082', '14:00:00', '15:00:00', ''),
('2015-03-17', '1906040694086', '08:00:00', '10:00:00', ''),
('2015-03-19', '4512220543086', '14:00:00', '15:00:00', ''),
('2015-03-21', '7312170466084', '09:00:00', '10:00:00', ''),
('2015-03-23', '1203280171086', '07:00:00', '09:00:00', ''),
('2015-03-24', '7410130630081', '10:00:00', '12:00:00', ''),
('2015-04-03', '1512170591085', '08:00:00', '10:00:00', ''),
('2015-04-04', '4110240825083', '09:00:00', '10:00:00', ''),
('2015-04-12', '2207010632083', '09:00:00', '10:00:00', ''),
('2015-04-14', '1709240402082', '13:00:00', '14:00:00', ''),
('2015-04-19', '6507120107086', '09:00:00', '10:00:00', ''),
('2015-04-22', '1704180177085', '14:00:00', '15:00:00', ''),
('2015-04-25', '4512220543086', '08:00:00', '10:00:00', ''),
('2015-04-27', '6706090775083', '08:00:00', '10:00:00', ''),
('2015-05-14', '2709210905082', '13:00:00', '14:00:00', ''),
('2015-05-15', '6808120518082', '13:00:00', '14:00:00', ''),
('2015-05-17', '5510220761085', '07:00:00', '09:00:00', ''),
('2015-05-18', '3902120576083', '08:00:00', '10:00:00', ''),
('2015-05-19', '4508260675083', '07:00:00', '09:00:00', ''),
('2015-05-21', '2109050549084', '14:00:00', '15:00:00', ''),
('2015-05-23', '4202160138084', '09:00:00', '10:00:00', ''),
('2015-05-24', '3411260488085', '07:00:00', '09:00:00', ''),
('2015-06-04', '1007230144085', '10:00:00', '12:00:00', ''),
('2015-06-04', '9911090794084', '13:00:00', '14:00:00', ''),
('2015-06-05', '8005030611082', '09:00:00', '10:00:00', ''),
('2015-06-09', '730823030086', '14:00:00', '15:00:00', ''),
('2015-06-15', '3508130716085', '09:00:00', '10:00:00', ''),
('2015-06-16', '5612220214081', '10:00:00', '12:00:00', ''),
('2015-06-18', '5711110485087', '14:00:00', '15:00:00', ''),
('2015-06-19', '5212190473083', '14:00:00', '15:00:00', ''),
('2015-06-22', '4204250189082', '10:00:00', '12:00:00', ''),
('2015-06-24', '4307190367081', '08:00:00', '10:00:00', ''),
('2015-07-02', '4804180882084', '09:00:00', '10:00:00', ''),
('2015-07-03', '7701030854083', '14:00:00', '15:00:00', ''),
('2015-07-08', '9110230494081', '14:00:00', '15:00:00', ''),
('2015-07-13', '7312050486084', '14:00:00', '15:00:00', ''),
('2015-07-18', '9210160769082', '09:00:00', '10:00:00', ''),
('2015-07-19', '8906120948084', '13:00:00', '14:00:00', ''),
('2015-07-23', '3203230938086', '14:00:00', '15:00:00', ''),
('2015-07-25', '5008230824086', '07:00:00', '09:00:00', ''),
('2015-07-27', '1501200671081', '07:00:00', '09:00:00', ''),
('2015-07-28', '3809260231088', '09:00:00', '10:00:00', ''),
('2015-08-07', '2709110853083', '13:00:00', '14:00:00', ''),
('2015-08-09', '2005130271081', '14:00:00', '15:00:00', ''),
('2015-08-11', '9502240191083', '13:00:00', '14:00:00', ''),
('2015-08-26', '6803010610087', '09:00:00', '10:00:00', ''),
('2015-08-26', '1204030632082', '14:00:00', '15:00:00', ''),
('2015-09-03', '9712150845081', '10:00:00', '12:00:00', ''),
('2015-09-03', '8508170901082', '13:00:00', '14:00:00', ''),
('2015-09-04', '5907270761084', '08:00:00', '10:00:00', ''),
('2015-09-05', '4508260675083', '09:00:00', '10:00:00', ''),
('2015-09-06', '2808250506083', '07:00:00', '09:00:00', ''),
('2015-09-11', '9212120894085', '13:00:00', '14:00:00', ''),
('2015-09-19', '9412180136082', '09:00:00', '10:00:00', ''),
('2015-09-19', '2709110853083', '14:00:00', '15:00:00', ''),
('2015-09-21', '2104030218083', '09:00:00', '10:00:00', ''),
('2015-09-24', '1709280678088', '08:00:00', '10:00:00', ''),
('2015-09-26', '8009100659085', '13:00:00', '14:00:00', ''),
('2015-09-28', '7809130240082', '07:00:00', '09:00:00', ''),
('2015-10-01', '2707140905083', '13:00:00', '14:00:00', ''),
('2015-10-04', '820305040087', '14:00:00', '15:00:00', ''),
('2015-10-08', '5805130165085', '14:00:00', '15:00:00', ''),
('2015-10-09', '9706130545082', '13:00:00', '14:00:00', ''),
('2015-10-13', '9109140754088', '13:00:00', '14:00:00', ''),
('2015-10-15', '9712150845081', '13:00:00', '14:00:00', ''),
('2015-10-15', '7704070438085', '14:00:00', '15:00:00', ''),
('2015-10-16', '2611180135088', '14:00:00', '15:00:00', ''),
('2015-10-23', '8009100659085', '14:00:00', '15:00:00', ''),
('2015-11-08', '3605040496081', '09:00:00', '10:00:00', ''),
('2015-11-09', '5001110128088', '10:00:00', '12:00:00', ''),
('2015-11-10', '341216047088', '14:00:00', '15:00:00', ''),
('2015-11-11', '8103140774084', '08:00:00', '10:00:00', ''),
('2015-11-14', '3801170828084', '08:00:00', '10:00:00', ''),
('2015-11-14', '8709250986088', '10:00:00', '12:00:00', ''),
('2015-11-16', '1105280586088', '14:00:00', '15:00:00', ''),
('2015-11-17', '7701030854083', '08:00:00', '10:00:00', ''),
('2015-11-19', '960124047081', '10:00:00', '12:00:00', ''),
('2015-11-22', '510523033088', '14:00:00', '15:00:00', ''),
('2015-12-01', '9509040129082', '08:00:00', '10:00:00', ''),
('2015-12-07', '7002130927081', '14:00:00', '15:00:00', ''),
('2015-12-09', '8807130418086', '13:00:00', '14:00:00', ''),
('2015-12-14', '7312050486084', '08:00:00', '10:00:00', ''),
('2015-12-16', '2009210740082', '09:00:00', '10:00:00', ''),
('2015-12-16', '6111040850088', '10:00:00', '12:00:00', ''),
('2015-12-20', '3505100334081', '10:00:00', '12:00:00', ''),
('2015-12-24', '4512220543086', '07:00:00', '09:00:00', ''),
('2015-12-25', '8612040918085', '13:00:00', '14:00:00', ''),
('2015-12-26', '4111180106083', '14:00:00', '15:00:00', ''),
('2016-01-03', '9606270939081', '10:00:00', '12:00:00', ''),
('2016-01-06', '400422050085', '14:00:00', '15:00:00', ''),
('2016-01-08', '2802230303081', '13:00:00', '14:00:00', ''),
('2016-01-14', '1302080439088', '14:00:00', '15:00:00', ''),
('2016-01-17', '8902010959088', '08:00:00', '10:00:00', ''),
('2016-01-23', '6511130973087', '09:00:00', '10:00:00', ''),
('2016-01-27', '8009100659085', '08:00:00', '10:00:00', ''),
('2016-01-28', '491010022086', '10:00:00', '12:00:00', ''),
('2016-02-01', '8005030611082', '10:00:00', '12:00:00', ''),
('2016-02-01', '4104200140083', '14:00:00', '15:00:00', ''),
('2016-02-02', '2707140905083', '14:00:00', '15:00:00', ''),
('2016-02-03', '400422050085', '08:00:00', '10:00:00', ''),
('2016-02-03', '681014062082', '10:00:00', '12:00:00', ''),
('2016-02-05', '2104030218083', '10:00:00', '12:00:00', ''),
('2016-02-05', '5710230923081', '13:00:00', '14:00:00', ''),
('2016-02-06', '1412130177086', '09:00:00', '10:00:00', ''),
('2016-02-07', '1412130177086', '10:00:00', '12:00:00', ''),
('2016-02-10', '47072706087', '09:00:00', '10:00:00', ''),
('2016-02-13', '2906040747081', '08:00:00', '10:00:00', ''),
('2016-02-14', '2704170868088', '09:00:00', '10:00:00', ''),
('2016-02-15', '780622020088', '10:00:00', '12:00:00', ''),
('2016-02-16', '7312170466084', '10:00:00', '12:00:00', ''),
('2016-02-18', '8501270465083', '09:00:00', '10:00:00', ''),
('2016-02-18', '9504060158084', '10:00:00', '12:00:00', ''),
('2016-02-19', '9606270939081', '13:00:00', '14:00:00', ''),
('2016-02-21', '8512050670085', '07:00:00', '09:00:00', ''),
('2016-02-23', '6507050556081', '07:00:00', '09:00:00', ''),
('2016-02-23', '2102130913085', '14:00:00', '15:00:00', ''),
('2016-02-25', '1704180177085', '08:00:00', '10:00:00', ''),
('2016-03-01', '4307190367081', '07:00:00', '09:00:00', ''),
('2016-03-02', '7809130240082', '09:00:00', '10:00:00', ''),
('2016-03-05', '2809260609084', '13:00:00', '14:00:00', ''),
('2016-03-05', '2709210905082', '14:00:00', '15:00:00', ''),
('2016-03-07', '7907160124082', '07:00:00', '09:00:00', ''),
('2016-03-08', '3001280724084', '09:00:00', '10:00:00', ''),
('2016-03-12', '8012160653084', '07:00:00', '09:00:00', ''),
('2016-03-12', '9103060340082', '09:00:00', '10:00:00', ''),
('2016-03-12', '4302130387083', '10:00:00', '12:00:00', ''),
('2016-03-14', '9911090794084', '14:00:00', '15:00:00', ''),
('2016-03-19', '6204260308088', '10:00:00', '12:00:00', ''),
('2016-03-21', '2303030988083', '14:00:00', '15:00:00', ''),
('2016-03-23', '7609110201086', '14:00:00', '15:00:00', ''),
('2016-03-24', '4901240565082', '08:00:00', '10:00:00', ''),
('2016-03-24', '4207260415085', '13:00:00', '14:00:00', ''),
('2016-03-25', '6706260635082', '09:00:00', '10:00:00', ''),
('2016-03-26', '7412210788083', '08:00:00', '10:00:00', ''),
('2016-04-01', '6207220448088', '14:00:00', '15:00:00', ''),
('2016-04-05', '7309060944088', '09:00:00', '10:00:00', ''),
('2016-04-07', '3411260488085', '09:00:00', '10:00:00', ''),
('2016-04-08', '9611120247088', '08:00:00', '10:00:00', ''),
('2016-04-09', '1603220911086', '09:00:00', '10:00:00', ''),
('2016-04-10', '6111260929085', '14:00:00', '15:00:00', ''),
('2016-04-12', '1705180376087', '09:00:00', '10:00:00', ''),
('2016-04-12', '1603220911086', '10:00:00', '12:00:00', ''),
('2016-04-12', '6603100144082', '14:00:00', '15:00:00', ''),
('2016-04-16', '3605040496081', '10:00:00', '12:00:00', ''),
('2016-04-17', '3406130687081', '13:00:00', '14:00:00', ''),
('2016-04-18', '6308240548084', '10:00:00', '12:00:00', ''),
('2016-04-21', '5711110485087', '08:00:00', '10:00:00', ''),
('2016-04-21', '4510260369082', '10:00:00', '12:00:00', ''),
('2016-04-23', '2102130913085', '08:00:00', '10:00:00', ''),
('2016-04-23', '4512030696084', '09:00:00', '10:00:00', ''),
('2016-04-23', '5901150381088', '10:00:00', '12:00:00', ''),
('2016-04-24', '6509220788082', '08:00:00', '10:00:00', ''),
('2016-04-25', '6507070463082', '09:00:00', '10:00:00', ''),
('2016-04-28', '3605040496081', '13:00:00', '14:00:00', ''),
('2016-05-06', '8709250986088', '13:00:00', '14:00:00', ''),
('2016-05-08', '7403250912088', '08:00:00', '10:00:00', ''),
('2016-05-10', '5809250392081', '07:00:00', '09:00:00', ''),
('2016-05-11', '7001190645085', '09:00:00', '10:00:00', ''),
('2016-05-11', '8612040918085', '14:00:00', '15:00:00', ''),
('2016-05-12', '2612230397082', '08:00:00', '10:00:00', ''),
('2016-05-15', '9304280349087', '08:00:00', '10:00:00', ''),
('2016-05-16', '5801140101084', '07:00:00', '09:00:00', ''),
('2016-05-22', '9204240981082', '07:00:00', '09:00:00', ''),
('2016-05-23', '1412130177086', '13:00:00', '14:00:00', ''),
('2016-05-25', '4508260675083', '10:00:00', '12:00:00', ''),
('2016-05-26', '4511070585086', '14:00:00', '15:00:00', ''),
('2016-05-27', '9712150845081', '14:00:00', '15:00:00', ''),
('2016-05-28', '7902150410084', '08:00:00', '10:00:00', ''),
('2016-06-03', '4005040289082', '14:00:00', '15:00:00', ''),
('2016-06-05', '5512080417086', '10:00:00', '12:00:00', ''),
('2016-06-12', '7002130927081', '08:00:00', '10:00:00', ''),
('2016-06-12', '4401230403085', '09:00:00', '10:00:00', ''),
('2016-06-15', '9502240191083', '14:00:00', '15:00:00', ''),
('2016-06-17', '2210130900088', '07:00:00', '09:00:00', ''),
('2016-06-17', '5901150381088', '13:00:00', '14:00:00', ''),
('2016-06-18', '780622020088', '13:00:00', '14:00:00', ''),
('2016-06-21', '8101060996085', '10:00:00', '12:00:00', ''),
('2016-06-21', '8407030360083', '13:00:00', '14:00:00', ''),
('2016-06-26', '7609240686081', '09:00:00', '10:00:00', ''),
('2016-06-28', '6204260308088', '13:00:00', '14:00:00', ''),
('2016-07-03', '3306170196085', '09:00:00', '10:00:00', ''),
('2016-07-05', '1007230144085', '13:00:00', '14:00:00', ''),
('2016-07-08', '5209150693082', '08:00:00', '10:00:00', ''),
('2016-07-10', '8502060290083', '14:00:00', '15:00:00', ''),
('2016-07-12', '2109050549084', '08:00:00', '10:00:00', ''),
('2016-07-18', '4601060264085', '13:00:00', '14:00:00', ''),
('2016-07-20', '8501030560088', '07:00:00', '09:00:00', ''),
('2016-07-20', '6112060275088', '09:00:00', '10:00:00', ''),
('2016-07-20', '4910190324088', '14:00:00', '15:00:00', ''),
('2016-07-21', '4702060556086', '07:00:00', '09:00:00', ''),
('2016-07-26', '5510220761085', '09:00:00', '10:00:00', ''),
('2016-07-27', '9503010970083', '08:00:00', '10:00:00', ''),
('2016-08-06', '7312170466084', '13:00:00', '14:00:00', ''),
('2016-08-08', '5209150693082', '07:00:00', '09:00:00', ''),
('2016-08-08', '6310200940086', '13:00:00', '14:00:00', ''),
('2016-08-10', '341216047088', '08:00:00', '10:00:00', ''),
('2016-08-12', '7805110427084', '10:00:00', '12:00:00', ''),
('2016-08-14', '2007100717086', '10:00:00', '12:00:00', ''),
('2016-08-15', '9109270875081', '10:00:00', '12:00:00', ''),
('2016-08-16', '8807130418086', '14:00:00', '15:00:00', ''),
('2016-08-17', '2707140905083', '08:00:00', '10:00:00', ''),
('2016-08-20', '5210250933083', '09:00:00', '10:00:00', ''),
('2016-08-20', '1608130591087', '13:00:00', '14:00:00', ''),
('2016-08-21', '9412180136082', '10:00:00', '12:00:00', ''),
('2016-08-23', '1205040963082', '07:00:00', '09:00:00', ''),
('2016-08-23', '7609110201086', '08:00:00', '10:00:00', ''),
('2016-08-24', '5805130165085', '08:00:00', '10:00:00', ''),
('2016-08-24', '8508060640084', '09:00:00', '10:00:00', ''),
('2016-08-26', '2005130271081', '08:00:00', '10:00:00', ''),
('2016-08-27', '2805070756085', '13:00:00', '14:00:00', ''),
('2016-09-01', '8104260177081', '09:00:00', '10:00:00', ''),
('2016-09-02', '3503100678084', '14:00:00', '15:00:00', ''),
('2016-09-03', '3211200919082', '10:00:00', '12:00:00', ''),
('2016-09-03', '8610120779086', '14:00:00', '15:00:00', '           '),
('2016-09-05', '1704180177085', '07:00:00', '09:00:00', ''),
('2016-09-05', '3503100678084', '08:00:00', '10:00:00', ''),
('2016-09-08', '2906040747081', '07:00:00', '09:00:00', ''),
('2016-09-09', '5612220214081', '13:00:00', '14:00:00', ''),
('2016-09-10', '6609200993085', '10:00:00', '12:00:00', ''),
('2016-09-10', '6810160795088', '14:00:00', '15:00:00', ''),
('2016-09-12', '8008280468086', '07:00:00', '09:00:00', ''),
('2016-09-12', '1203280171086', '09:00:00', '10:00:00', ''),
('2016-09-13', '290611026087', '10:00:00', '12:00:00', ''),
('2016-09-13', '2907080814082', '13:00:00', '14:00:00', ''),
('2016-09-16', '6102220345081', '09:00:00', '10:00:00', ''),
('2016-09-19', '1205040963082', '09:00:00', '10:00:00', ''),
('2016-09-24', '9902110250084', '08:00:00', '10:00:00', ''),
('2016-09-26', '2303030988083', '08:00:00', '10:00:00', ''),
('2016-09-26', '3306170196085', '10:00:00', '12:00:00', ''),
('2016-10-01', '3911070339085', '14:00:00', '15:00:00', ''),
('2016-10-04', '5505090581082', '08:00:00', '10:00:00', ''),
('2016-10-06', '4302130387083', '13:00:00', '14:00:00', ''),
('2016-10-08', '1705180376087', '10:00:00', '12:00:00', ''),
('2016-10-10', '2612230397082', '07:00:00', '09:00:00', ''),
('2016-10-12', '4710160845084', '14:00:00', '15:00:00', ''),
('2016-10-13', '5109040274081', '08:00:00', '10:00:00', ''),
('2016-10-16', '510523033088', '08:00:00', '10:00:00', ''),
('2016-10-17', '2012190284086', '07:00:00', '09:00:00', '           '),
('2016-10-17', '6605260331087', '13:00:00', '14:00:00', ''),
('2016-10-23', '3809260231088', '10:00:00', '12:00:00', ''),
('2016-10-24', '9701100741082', '09:00:00', '10:00:00', ''),
('2016-10-26', '2605150205088', '10:00:00', '12:00:00', ''),
('2016-10-26', '9109140754088', '14:00:00', '15:00:00', ''),
('2016-11-01', '4511070585086', '08:00:00', '10:00:00', ''),
('2016-11-04', '1007230144085', '14:00:00', '15:00:00', ''),
('2016-11-08', '2005130271081', '07:00:00', '09:00:00', ''),
('2016-11-10', '8703170594084', '09:00:00', '10:00:00', ''),
('2016-11-10', '4207260415085', '14:00:00', '15:00:00', ''),
('2016-11-11', '4601060264085', '14:00:00', '15:00:00', ''),
('2016-11-13', '4403190822084', '10:00:00', '12:00:00', ''),
('2016-11-14', '7609110201086', '07:00:00', '09:00:00', ''),
('2016-11-15', '1302080439088', '08:00:00', '10:00:00', ''),
('2016-11-18', '4104200140083', '08:00:00', '10:00:00', ''),
('2016-11-22', '2102130913085', '07:00:00', '09:00:00', ''),
('2016-11-22', '4403240664081', '13:00:00', '14:00:00', ''),
('2016-11-24', '4911280960085', '07:00:00', '09:00:00', ''),
('2016-11-24', '3708100193088', '13:00:00', '14:00:00', ''),
('2016-11-26', '7705180627087', '07:00:00', '09:00:00', ''),
('2016-11-26', '670305077081', '09:00:00', '10:00:00', ''),
('2016-11-27', '4111180106083', '08:00:00', '10:00:00', ''),
('2016-11-28', '1908150375082', '10:00:00', '12:00:00', ''),
('2016-12-02', '660620054086', '07:00:00', '09:00:00', ''),
('2016-12-03', '8902010959088', '07:00:00', '09:00:00', ''),
('2016-12-04', '4708110702087', '10:00:00', '12:00:00', ''),
('2016-12-07', '3203230938086', '08:00:00', '10:00:00', ''),
('2016-12-07', '4804180882084', '10:00:00', '12:00:00', ''),
('2016-12-07', '9609270686085', '14:00:00', '15:00:00', ''),
('2016-12-09', '6408200513081', '13:00:00', '14:00:00', ''),
('2016-12-12', '7202270202087', '07:00:00', '09:00:00', ''),
('2016-12-13', '5304280232082', '07:00:00', '09:00:00', ''),
('2016-12-17', '4104200140083', '07:00:00', '09:00:00', ''),
('2016-12-19', '7701030854083', '07:00:00', '09:00:00', ''),
('2016-12-22', '2802230303081', '14:00:00', '15:00:00', ''),
('2016-12-23', '6603100144082', '08:00:00', '10:00:00', ''),
('2016-12-23', '2809260609084', '14:00:00', '15:00:00', ''),
('2016-12-24', '7705180627087', '09:00:00', '10:00:00', ''),
('2016-12-25', '7503060788083', '07:00:00', '09:00:00', ''),
('2016-12-26', '7808220226082', '14:00:00', '15:00:00', ''),
('2016-12-27', '6111260929085', '08:00:00', '10:00:00', ''),
('2016-12-27', '2011240231088', '13:00:00', '14:00:00', ''),
('2017-01-02', '7002130927081', '07:00:00', '09:00:00', ''),
('2017-01-03', '2303030988083', '07:00:00', '09:00:00', ''),
('2017-01-03', '531127094084', '09:00:00', '10:00:00', ''),
('2017-01-17', '7202270202087', '09:00:00', '10:00:00', ''),
('2017-01-23', '5608240727082', '08:00:00', '10:00:00', ''),
('2017-01-26', '8104260177081', '10:00:00', '12:00:00', ''),
('2017-01-28', '3610150249083', '09:00:00', '10:00:00', ''),
('2017-02-03', '9710230788081', '09:00:00', '10:00:00', ''),
('2017-02-03', '7312170466084', '14:00:00', '15:00:00', ''),
('2017-02-21', '3503100678084', '07:00:00', '09:00:00', ''),
('2017-02-21', '4005040289082', '08:00:00', '10:00:00', ''),
('2017-02-23', '7610250179087', '10:00:00', '12:00:00', ''),
('2017-03-01', '341216047088', '07:00:00', '09:00:00', ''),
('2017-03-06', '4906270884086', '10:00:00', '12:00:00', ''),
('2017-03-09', '9202010527088', '07:00:00', '09:00:00', ''),
('2017-03-14', '5801140101084', '09:00:00', '10:00:00', ''),
('2017-04-02', '6111260929085', '07:00:00', '09:00:00', ''),
('2017-04-11', '2902030264083', '13:00:00', '14:00:00', ''),
('2017-04-20', '8501270465083', '10:00:00', '12:00:00', ''),
('2017-04-23', '4508260675083', '13:00:00', '14:00:00', ''),
('2017-04-26', '7907160124082', '09:00:00', '10:00:00', ''),
('2017-05-03', '8508170901082', '14:00:00', '15:00:00', ''),
('2017-05-04', '2808250506083', '09:00:00', '10:00:00', ''),
('2017-05-05', '7701260528087', '10:00:00', '12:00:00', ''),
('2017-05-09', '6412050862088', '08:00:00', '10:00:00', ''),
('2017-05-10', '451201089085', '09:00:00', '10:00:00', ''),
('2017-05-13', '2608180553088', '13:00:00', '14:00:00', ''),
('2017-05-17', '9103060340082', '09:00:00', '10:00:00', ''),
('2017-05-23', '7309060944088', '10:00:00', '12:00:00', ''),
('2017-05-24', '9202010527088', '09:00:00', '10:00:00', ''),
('2017-06-04', '5608060712087', '14:00:00', '15:00:00', ''),
('2017-06-12', '3906250668088', '07:00:00', '09:00:00', ''),
('2017-06-14', '9212120894085', '14:00:00', '15:00:00', ''),
('2017-06-19', '6111040850088', '13:00:00', '14:00:00', ''),
('2017-06-20', '2012200849081', '10:00:00', '12:00:00', ''),
('2017-06-24', '6408200513081', '14:00:00', '15:00:00', ''),
('2017-06-26', '2303030988083', '09:00:00', '10:00:00', ''),
('2019-10-12', '1503200793088', '13:00:00', '15:00:00', 'Promise van Wyk attended my an appointment with me on th e day of 12 October 2019.                       '),
('2019-10-12', '9012245670186', '15:00:00', '16:00:00', NULL),
('2019-10-18', '9612070824088', '08:00:00', '09:00:00', NULL),
('2019-10-18', '8608135565088', '09:00:00', '10:00:00', NULL),
('2019-10-23', '9012245565087', '14:00:00', '16:00:00', NULL),
('2019-10-28', '8608135565088', '07:00:00', '08:00:00', NULL),
('2019-10-30', '1010190221088', '10:00:00', '11:00:00', NULL),
('2019-10-30', '8808135565087', '11:00:00', '12:00:00', NULL),
('2019-10-31', '1003250239088', '12:00:00', '14:00:00', NULL),
('2019-11-01', '8808135565087', '07:00:00', '08:00:00', NULL),
('2019-11-01', '8608135565088', '09:00:00', '10:00:00', NULL),
('2019-11-01', '9911090794084', '13:00:00', '15:00:00', NULL),
('2019-11-12', '8608135565088', '08:00:00', '10:00:00', ' Today\'s date is 12/11/2019 on Tuesday.\r\nBy Sbu\r\n            \r\n           '),
('2019-11-12', '8708135565087', '10:00:00', '11:00:00', NULL),
('2019-11-16', '8608135565088', '08:00:00', '09:00:00', NULL),
('2019-11-16', '1003250239088', '09:00:00', '10:00:00', NULL),
('2019-11-19', '0608135565087', '07:00:00', '08:00:00', NULL),
('2019-11-19', '0808135565087', '08:00:00', '09:00:00', NULL),
('2019-11-19', '1003250239088', '09:00:00', '10:00:00', NULL),
('2019-11-20', '0608135565087', '07:00:00', '08:00:00', ' Was consulted on the 20th of November 2019\r\n           '),
('2019-11-20', '8708135565087', '08:00:00', '09:00:00', NULL),
('2019-11-21', '1003280163086', '08:00:00', '09:00:00', NULL),
('2019-11-21', '8608135565088', '10:00:00', '11:00:00', ' \r\n     21/11/2019   by hcp\r\n            \r\n           '),
('2019-11-21', '8808135565087', '11:00:00', '12:00:00', NULL),
('2019-11-23', '0708135565087', '07:00:00', '08:00:00', 'Done: 23/11/2019.\r\nRechecked on the 24th of November 2019.\r\n            \r\n            \r\n           '),
('2019-11-23', '1003250239088', '08:00:00', '09:00:00', ' Edited 2019/11/23\r\n           '),
('2019-11-23', '7008135565087', '09:00:00', '10:00:00', NULL),
('2019-11-23', '7108135565087', '10:00:00', '11:00:00', NULL),
('2019-11-23', '7208135565087', '11:00:00', '12:00:00', NULL),
('2019-11-24', '1003250239088', '07:00:00', '08:00:00', NULL),
('2019-11-24', '0708135565087', '08:00:00', '10:00:00', NULL),
('2019-11-24', '8008135565087', '12:00:00', '13:00:00', NULL),
('2019-11-25', '1003250239088', '07:00:00', '08:00:00', ' edited 25/11/2019\r\n           '),
('2019-11-26', '1003280163086', '10:00:00', '12:00:00', NULL),
('2019-11-26', '0708135565087', '12:00:00', '13:00:00', NULL),
('2019-11-26', '7508135565087', '13:00:00', '14:00:00', NULL),
('2019-11-27', '0708135565087', '07:00:00', '09:00:00', NULL),
('2019-11-27', '0808135565087', '09:00:00', '10:00:00', ' \r\n           '),
('2019-11-27', '8608135565087', '10:00:00', '12:00:00', NULL),
('2019-11-27', '8608135565088', '12:00:00', '13:00:00', NULL),
('2019-11-28', '0708135565087', '07:00:00', '08:00:00', NULL),
('2019-11-28', '0808135565087', '08:00:00', '09:00:00', NULL),
('2019-11-28', '8608135565088', '09:00:00', '10:00:00', NULL),
('2019-11-29', '9911090794084', '07:00:00', '08:00:00', NULL),
('2019-11-29', '9907280115082', '08:00:00', '09:00:00', NULL),
('2019-11-29', '7309060944088', '09:00:00', '10:00:00', NULL),
('2019-12-03', '0708135565087', '07:00:00', '08:00:00', ' \r\n           '),
('2019-12-03', '1205040963082', '08:00:00', '09:00:00', 'Checked and updated on the 3rd of December at 21:20.\r\nEveryhing up to date.\r\nBy Sbu       \r\n           '),
('2019-12-04', '9611120247088', '07:00:00', '08:00:00', NULL),
('2019-12-04', '1005260157083', '08:00:00', '09:00:00', NULL),
('2019-12-04', '4511070585086', '09:00:00', '10:00:00', NULL),
('2019-12-12', '0808135565087', '07:00:00', '08:00:00', NULL),
('2020-01-10', '0708135565087', '08:00:00', '09:00:00', NULL),
('2020-01-30', '0708135565087', '08:00:00', '09:00:00', NULL),
('2020-03-30', '0708135565087', '09:00:00', '14:20:00', ' \r\n           ');

-- --------------------------------------------------------

--
-- Table structure for table `clientreference`
--

CREATE TABLE `clientreference` (
  `client_ref_id` char(4) NOT NULL,
  `client_ref_name` varchar(50) DEFAULT NULL
) ENGINE=InnoDB DEFAULT CHARSET=latin1;

--
-- Dumping data for table `clientreference`
--

INSERT INTO `clientreference` (`client_ref_id`, `client_ref_name`) VALUES
('1', ''),
('2', 'Mother in Law'),
('3', 'Myself'),
('4', 'QWT'),
('5', 'Website'),
('6', 'Word of mouth');

-- --------------------------------------------------------

--
-- Table structure for table `clients`
--

CREATE TABLE `clients` (
  `client_id_num` varchar(13) NOT NULL,
  `client_fname` varchar(50) NOT NULL,
  `client_lname` varchar(50) NOT NULL,
  `client_h_address` varchar(80) DEFAULT NULL,
  `client_Addr_code` char(4) DEFAULT NULL,
  `client_cell` varchar(50) DEFAULT NULL,
  `client_h_tel` varchar(50) DEFAULT NULL,
  `client_w_tel` varchar(50) DEFAULT NULL,
  `client_email` varchar(50) DEFAULT NULL,
  `client_ref_id` char(4) DEFAULT NULL
) ENGINE=InnoDB DEFAULT CHARSET=latin1;

--
-- Dumping data for table `clients`
--

INSERT INTO `clients` (`client_id_num`, `client_fname`, `client_lname`, `client_h_address`, `client_Addr_code`, `client_cell`, `client_h_tel`, `client_w_tel`, `client_email`, `client_ref_id`) VALUES
('0708135565087', 'Jabu', ' Kate', '113 Manqoba st Soweto Johhanesburg', '1466', '(084)-(123)-(5565)', '(021)-(874)-(5912)', '(021)-(411)-(0080)', 'jabuk@gmail.com', '3'),
('0808135565087', 'Jabulani', 'Menzi', '18 jeep street Johhanesburg', '1466', '(078)-(456)-(2311)', '(011)-(849)-(5223)', '(011)-(203)-(5126)', 'jbmenzi@yahoo.com', '3'),
('1003250239088', 'Brian ', 'Kekana', '116 Selbourne Avenue Parow', '7500', '(047)-(773)-(5345)', '(080)-(450)-(8061)', '(087)-(708)-(7445)', 'Brian @rbiworld.co.za', '6'),
('1003280163086', 'Philani ', 'Khan', '802 Dalbergia 159 Justice Mohammed Avenue Sunnyside', '0002', '(015)-(763)-(0318)', '(093)-(327)-(2627)', '(034)-(252)-(7734)', '', '1'),
('1004050642083', 'Linda', 'Makapela', '', '', '(095)-(226)-(0905)', '(010)-(354)-(9589)', '(051)-(680)-(6529)', '', '6'),
('1005260157083', 'Nepo ', 'Mukwevho', '3983 Fairbridge Corner Daniel&Davidson Str Fairlands', '2195', '(077)-(606)-(2017)', '(056)-(107)-(5076)', '(082)-(971)-(3584)', 'Nepo @mweb.co.za', '5'),
('1007230144085', 'Mduduzi ', 'Mugeri', 'Flat112 Capito Hill 395 Justice Muhammed Avenue Muckleneuk', '0002', '(090)-(634)-(2145)', '(068)-(892)-(4609)', '(026)-(167)-(2681)', 'Mduduzi @icon.co.za', '1'),
('1008135565087', 'gvhvvb', 'bbbbb', 'bbbbn', 'nnnn', '', '', '', '', '1'),
('1010190221088', 'Sinqobile', 'Moloisane', '06 BAILEYBRIDGE UNIT 9 STONEBRIDGE PHOENIX', '', '(047)-(847)-(9730)', '(037)-(824)-(2370)', '(085)-(298)-(0219)', 'Sinqobile@telkomsa.net', '6'),
('1011060902084', 'Balungile ', 'Klassen', '3222 Taylor Park Zamdela', '1999', '(045)-(596)-(0647)', '(017)-(644)-(9722)', '(035)-(727)-(6040)', 'Balungile @erazyweb.co.za', '5'),
('1011160807087', 'Donavan ', 'Mthunywa', '92 Boundary Road Rouxville', '2192', '(083)-(359)-(3854)', '(036)-(803)-(3184)', '(079)-(654)-(2586)', 'Donavan @mjvn.co.za', '6'),
('1012070281082', 'Phakamani ', 'Gamede', '22 Iris Avenue Reigerpark', '1959', '(082)-(238)-(3065)', '(062)-(187)-(6668)', '(080)-(192)-(4779)', '', '6'),
('1104280343081', 'Mark ', 'Sifunda', '139392 Absolom Crescent Mankurwane', '8395', '(039)-(837)-(7998)', '(091)-(319)-(5376)', '(064)-(129)-(4237)', '', '5'),
('1105280586088', 'Petrus ', 'Sithole', '398 Glenton Ave Clayville East', '1666', '(066)-(539)-(4574)', '(040)-(594)-(2354)', '(031)-(597)-(8845)', 'Petrus @sappi.com', '6'),
('1107230618084', 'Timothy ', 'Mugagadeli', 'P O Box 169939 Lyttelton', '190', '(039)-(432)-(0974)', '(011)-(688)-(0786)', '(071)-(299)-(4911)', 'Timothy @gmail.com', '5'),
('1203280171086', 'Lionel ', 'Myeki', 'P O Box 95999 Waterkloof', '195', '(042)-(863)-(2113)', '(012)-(914)-(8270)', '(029)-(358)-(0686)', '', '6'),
('1204030632082', 'Sonica', 'Ebrahim', 'Kingsgate Primary School P O Box 169 Mafeteng 900 Lesotho', '0000', '(026)-(471)-(1491)', '(047)-(465)-(4475)', '(073)-(113)-(6410)', 'Sonica@africanrand.co.za', '6'),
('1205040963082', 'Adam', 'Mugadi', '695 Francis Baard Avenue 506 Vicadia Flat Arcadia', '0083', '(031)-(991)-(7619)', '(076)-(395)-(9931)', '(042)-(864)-(4021)', '', '1'),
('1302080439088', 'Mzukisi', 'Letsie', '36 Olivers Court Cnr Hyperion & Pritchard Str North Riding Ext 1', '2169', '(038)-(597)-(2077)', '(057)-(306)-(9319)', '(086)-(858)-(7936)', '', '1'),
('1307090536085', 'Matome ', 'Khomola', 'P O Box 3993 Vongani', '0930', '(033)-(373)-(9047)', '(016)-(694)-(1286)', '(047)-(840)-(6135)', 'Matome @wandragconsulting.co.za', '6'),
('1308190287088', 'Josaya ', 'Chabvonga', 'P O Box 60918 Karenpark', '0118', '(079)-(644)-(8637)', '(082)-(574)-(5772)', '(083)-(303)-(0923)', 'Josaya @liberty.co.za', '5'),
('1311040718081', 'Gomotsegang ', 'Lee', '393 Binneman Avenue Oakdale Western Cape Oakdale Est', '7530', '(049)-(532)-(6344)', '(080)-(607)-(9009)', '(039)-(178)-(9996)', '', '1'),
('1311240354085', 'Donald', 'Sethole', '3990 Stellenberg Rd N0 99 Peters Place Equestria', '189', '(087)-(798)-(0943)', '(049)-(732)-(7824)', '(093)-(670)-(0881)', 'Donald@vodacom.co.a', '6'),
('1401030341085', 'Adriaan', 'Letsie', 'Postnet Suite 398 Private Bag X09 Menlo Park', '782', '(055)-(593)-(5113)', '(090)-(790)-(1455)', '(028)-(508)-(1461)', '', '1'),
('1412130177086', 'Sumitra', 'Rehman', 'P O Box 9168 Verwoerdpark', '1953', '(042)-(260)-(3086)', '(097)-(804)-(8377)', '(039)-(833)-(5940)', 'Sumitra@parktowngirls.co.za', '6'),
('1501200671081', 'Leon', 'Maphoto', '3983 Taronga Road Lansdowne', '7780', '(039)-(589)-(8313)', '(075)-(299)-(8952)', '(026)-(120)-(7054)', '', '1'),
('1503200793088', 'Promise ', 'Van Wyk', '', '', '(079)-(806)-(0010)', '(027)-(734)-(9270)', '(040)-(932)-(6418)', '', '1'),
('1504280313088', 'Thato ', 'Robertson', '2090 Tswelopele Ext08 Tembisa', '1632', '(067)-(429)-(8627)', '(050)-(867)-(1729)', '(073)-(988)-(0747)', '', '6'),
('151021036088', 'Shaun ', 'Lesch', '21 Martinson Rd, Twee Pieke Unit 83 Mostertsdrift', '7600', '(028)-(699)-(2379)', '(071)-(870)-(0610)', '(033)-(657)-(6105)', '', '5'),
('1512140600088', 'Tlou', 'Chibase', 'P O Box 1639 Ngqubusini', '5170', '(046)-(763)-(2689)', '(089)-(690)-(5609)', '(029)-(745)-(5153)', 'Tlou@aforbes.co.za', '6'),
('1512170591085', 'Muteba ', 'Khobane', 'P O Box 639 Gans Bay', '7220', '(085)-(232)-(4944)', '(033)-(351)-(5265)', '(061)-(264)-(1633)', 'Muteba @lantic.net', '6'),
('1603220911086', 'Ricardo ', 'Makhonza', '39592 Tswelopele Avenue Rietvlei Ext 1', '1739', '(054)-(938)-(6348)', '(083)-(555)-(9756)', '(087)-(326)-(7227)', 'Ricardo @gmail.com', '6'),
('1604070370087', 'Abiot ', 'Dlamini', '398 Mopanie Avenue Florapark', '0699', '(045)-(468)-(3722)', '(068)-(449)-(6873)', '(076)-(873)-(0413)', 'Abiot @mweb.co.za', '6'),
('1608130591087', 'Mahlatse ', 'Campbell', '33 Aldergate Mount Edgecombe', '9302', '(064)-(270)-(7408)', '(095)-(462)-(3055)', '(032)-(766)-(9796)', '', '1'),
('1704180177085', 'Leeto ', 'Legane', 'P O Box 956 Grahamstown', '6190', '(079)-(991)-(3083)', '(090)-(316)-(1396)', '(095)-(722)-(9998)', 'Leeto @hotmail.co.za', '6'),
('1705180376087', 'Kaveshan', 'Mokonyane', 'P O Box 332 Jane Furse Hospital', '7885', '(082)-(717)-(3101)', '(090)-(545)-(8738)', '(016)-(820)-(2338)', 'Kaveshan@mweb.co.za', '6'),
('1709240402082', 'Louis ', 'Van Der Westhuizen', 'P O Box 92200 Boordfontein', '0201', '(034)-(406)-(2034)', '(022)-(493)-(6494)', '(028)-(775)-(3157)', 'Louis @hotmail.com', '6'),
('1709280678088', 'Stephan ', 'Nyalungu', '91 Juta Avenue Braamfontein', '2001', '(084)-(628)-(5658)', '(062)-(332)-(6416)', '(018)-(592)-(7076)', 'Stephan @gmail.com', '6'),
('1803090222085', 'Tshepo ', 'Makhuvele', 'P O Box 9891 Polokwane', '0700', '(042)-(858)-(6305)', '(068)-(611)-(4953)', '(081)-(622)-(7192)', 'Tshepo @gmail.com', '6'),
('1804030915086', 'Saegan', 'Hicks', 'P O Box 699 Velddrif', '7365', '(045)-(818)-(7526)', '(087)-(674)-(6107)', '(092)-(670)-(4100)', 'Saegan@pps.co.za', '6'),
('1805020907085', 'Leeto ', 'Duiker', '1916 Tanong Ext5 Tembisa', '1632', '(078)-(737)-(1431)', '(096)-(254)-(4003)', '(016)-(174)-(7061)', '', '6'),
('1807070505082', 'Livhuwani ', 'Ndlovu', 'PO Bos 7269\nKRUGERSDORP NORTH\n1741', '', '(040)-(626)-(9728)', '(015)-(171)-(0512)', '(052)-(358)-(3972)', 'Livhuwani @gmail.com', '1'),
('1810160413088', 'Nelisiwe', 'Mpofu', 'P O Box 19293 Laudium', '0037', '(010)-(118)-(9211)', '(059)-(273)-(5474)', '(068)-(442)-(8679)', 'Nelisiwe@standardbank.co.za', '6'),
('1902060828085', 'Xolile', 'Gungudoo', 'P O Box 32896 Braamfontein', '2017', '(069)-(374)-(2180)', '(069)-(683)-(4871)', '(031)-(526)-(1444)', 'Xolile@anchor.co.za', '6'),
('1906040694086', 'Ngwagu ', 'Khoza', '21 Thatchfield Hights Thatchfield Close Brakfontein Road Centurion', '0157', '(096)-(936)-(6354)', '(070)-(718)-(2066)', '(089)-(146)-(9790)', '', '6'),
('1908150375082', 'Cliff', 'Bomela', 'Wonderpark Estate Unit 1369 90 First Avenue Karenpark', '0182', '(074)-(449)-(1722)', '(029)-(565)-(6703)', '(046)-(976)-(2408)', 'Cliff@live.co.za', '6'),
('2005130271081', 'Navisha', 'Nyamupangedengu', '2939/59 Umfuyaneni Umfuyaneni Section', '1632', '(047)-(922)-(7532)', '(055)-(233)-(1573)', '(091)-(964)-(6830)', '', '6'),
('2007100717086', 'Warren ', 'Piroe', '2128 Nu11 Mdantsane', '5219', '(057)-(406)-(2092)', '(012)-(519)-(8360)', '(081)-(853)-(0164)', '', '6'),
('2008190919082', 'Shaun ', 'Maarman', 'Private Bag X1 Simon\'S Town', '7995', '(013)-(667)-(4505)', '(034)-(674)-(9222)', '(029)-(678)-(7921)', '', '6'),
('2009210740082', 'Mari', 'Maredi', 'E6 Wilgerpark Stellenberg Road Oak Glen', '7530', '(045)-(103)-(4645)', '(099)-(891)-(3383)', '(097)-(777)-(6343)', 'Mari@vodamail.co.za', '6'),
('2011240231088', 'Nhloso ', 'Schoeman', '553992 Nomzamo Avenue Phahameng Bloemfontein', '9301', '(014)-(388)-(2222)', '(097)-(361)-(7012)', '(094)-(473)-(4225)', 'Nhloso @work.co.za', '4'),
('2012190284086', 'Kagiso', 'Ntuli', '219 Du Toit Avenue 209 Orpheum Mansions Pretoria', '0002', '(083)-(110)-(7144)', '(091)-(274)-(9119)', '(044)-(354)-(5287)', 'Kagiso@lantic.net', '6'),
('2012200849081', 'Onele', 'Veeragaloo', 'F 395 Ntombela Road Kwamashu', '9359', '(013)-(304)-(1410)', '(047)-(157)-(4958)', '(034)-(157)-(0274)', 'Onele@afrihost.co.za', '5'),
('2102130913085', 'Heinrich', 'Dlamini', 'P O Box 2993 Montana Park', '0159', '(044)-(698)-(4141)', '(083)-(433)-(8338)', '(060)-(857)-(4045)', 'Heinrich@wol.co.za', '6'),
('2104030218083', 'Grace', 'Mudau', 'P O Box 5060 Batlharo', '8976', '(045)-(324)-(0994)', '(034)-(251)-(6709)', '(013)-(463)-(7629)', 'Grace@gmail.com', '6'),
('2109050549084', 'Matete', 'Magodielo', '29 Regina Road Northdale', '3201', '(018)-(226)-(0355)', '(088)-(176)-(6830)', '(095)-(111)-(3227)', '', '6'),
('2109180750085', 'Chaguwa ', 'Matlala', '98 Grosvenor Burberry Office Park Amadeus Place Bryanston', '2191', '(046)-(555)-(0179)', '(042)-(281)-(4579)', '(086)-(775)-(9455)', '', '1'),
('2111130577081', 'Seturumane ', 'Dharamraj', 'P O Box 626 St Helenabaai', '7390', '(068)-(229)-(8911)', '(077)-(369)-(0677)', '(059)-(887)-(6249)', 'Seturumane @yahoo.com', '6'),
('2201120350085', 'Wilhelm', 'Seanego', 'Unit 35 San Monroe 26 Logan Avenue Highveld Ext 8', '0157', '(023)-(968)-(4596)', '(066)-(985)-(5282)', '(039)-(170)-(4278)', 'Wilhelm@yahoo.com', '6'),
('2202040449087', 'Sheldon ', 'Matlakeng', '5 Ntsu Avenue Saulsville', '0125', '(095)-(929)-(6409)', '(052)-(951)-(8041)', '(016)-(918)-(8075)', 'Sheldon @absamail.co.za', '6'),
('2205140565082', 'Echelle ', 'Koeberg', 'P O Box 239250 Sunnyside', '0132', '(089)-(550)-(1302)', '(034)-(444)-(6256)', '(047)-(717)-(2614)', 'Echelle @gmail.com', '6'),
('2207010632083', 'Nyakallo', 'Kupke', '9393/138 Sophiatown Difateng', '1632', '(069)-(890)-(2589)', '(014)-(793)-(1379)', '(076)-(660)-(5008)', 'Nyakallo@telkomsa.net', '6'),
('2210130900088', 'Dion', 'Mabanga', '99398 Illovo Township Amanzimtoti', '9126', '(056)-(682)-(7433)', '(094)-(748)-(1506)', '(091)-(561)-(6328)', 'Dion@artizans.co.za', '6'),
('2303030988083', 'Fortunate', 'Ndzulu', 'P O Box 21822 Helderkruin', '1733', '(098)-(411)-(7536)', '(044)-(650)-(7520)', '(087)-(185)-(6226)', 'Fortunate@mweb.co.za', '5'),
('2309220589087', 'Sylvester ', 'Xhakaza', 'P O Box 90195 Cleveland', '2022', '(074)-(666)-(7434)', '(064)-(290)-(1537)', '(024)-(131)-(2549)', 'Sylvester @yahoo.com', '2'),
('2411070180081', 'Wilhelm', 'Mokansi', '25 Owl Avenue 6Th Floor Johannesburg', '2001', '(069)-(998)-(1771)', '(049)-(265)-(0519)', '(079)-(198)-(6828)', '', '6'),
('2511130529083', 'Tshilidzi', 'Metcalf', '1359 Mahlangu Stand Winterveldt', '0198', '(091)-(822)-(4741)', '(030)-(891)-(2945)', '(040)-(576)-(1210)', 'Tshilidzi@anglocoal.co.za', '5'),
('2605130248088', 'Letsoni ', 'Baepane', '18 Mngadi Str Atteridgeville', '0008', '(078)-(529)-(2729)', '(084)-(569)-(0643)', '(081)-(584)-(8655)', '', '1'),
('2605150205088', 'Busisiwe', 'Du Plessis', '1 Kliprivier Avenue Secunda Secunda', '2302', '(066)-(762)-(2975)', '(086)-(193)-(7436)', '(058)-(901)-(5043)', '', '5'),
('2608180553088', 'Vuyokazi ', 'Nanub', '19 Pamaphosa Avenue Payneville', '1565', '(041)-(484)-(8269)', '(045)-(918)-(9059)', '(082)-(367)-(9809)', '', '5'),
('2611180135088', 'Moeketsi ', 'Noko', '1891 Kriel', '2271', '(094)-(515)-(4612)', '(080)-(884)-(9304)', '(091)-(535)-(6362)', '', '2'),
('2612230397082', 'Mbheki ', 'Ekanayake', '39165 Ext 398 Diepsloot', '2189', '(082)-(456)-(6558)', '(078)-(858)-(5438)', '(094)-(917)-(3773)', 'Mbheki @transnet.co.za', '3'),
('2702250305088', 'Shaun ', 'Kafile', 'P O Box 9961 Protea Glen Ext 12', '1819', '(028)-(487)-(6443)', '(099)-(760)-(0121)', '(031)-(971)-(9512)', 'Shaun @yahoo.com', '1'),
('2703080994088', 'Berry ', 'Mutamba', '21 Fourie Cresant Kibler Park', '2091', '(088)-(260)-(8598)', '(017)-(648)-(4808)', '(079)-(817)-(9844)', '', '6'),
('2704170868088', 'Shelley-Anne ', 'Madia', '51 Pearce Avenue Clayville Ext 9', '1666', '(074)-(148)-(7156)', '(087)-(414)-(0779)', '(012)-(919)-(2724)', '', '6'),
('2706070629087', 'Victor ', 'Mgidi', '28 Paling Drive\nMeerensee\nRichardsbaai\n3901', '', '(054)-(385)-(7798)', '(018)-(224)-(2553)', '(097)-(121)-(5412)', '', '1'),
('2707050803087', 'Marc ', 'Baloyi', 'P O Box 199339 Middelburg', '7850', '(047)-(916)-(0130)', '(076)-(570)-(4161)', '(088)-(221)-(7304)', '', '6'),
('2707140905083', 'Nokukhanya', 'Ndou', '3986 Die Hoewes Towers 20 Gropius Road Die Hoewes', '0157', '(084)-(570)-(3890)', '(052)-(485)-(2084)', '(084)-(700)-(9028)', 'Nokukhanya@acenet.co.za', '6'),
('2709110853083', 'Ndivhuwo ', 'Oliver', '16239 Block Hh Soshanguve', '0152', '(043)-(452)-(8545)', '(072)-(720)-(8195)', '(078)-(178)-(8394)', 'Ndivhuwo @actionford.co.za', '5'),
('2709210905082', 'Kagiso', 'Robinson', 'Santam Head Office 1 Sportica Cresent Tyger Valley', '7530', '(068)-(469)-(9297)', '(066)-(375)-(7645)', '(071)-(749)-(6368)', 'Kagiso@costoutterz.co.za', '6'),
('2711130236088', 'Sango', 'Brown', '8 Klopper Avenue Libradene', '1959', '(054)-(537)-(0684)', '(071)-(819)-(0681)', '(020)-(836)-(2141)', 'Sango@gmail.com', '6'),
('2712250489081', 'Ruduwhan ', 'Mokwebo', '5 Hortense Laan\nFlorida-Glen', '', '(042)-(254)-(6694)', '(063)-(139)-(3871)', '(034)-(319)-(9514)', 'Ruduwhan @telkomsa.net', '6'),
('2802230303081', 'Lance ', 'Mulaudzi', 'P O Box 16355 Nelspruit', '1200', '(049)-(466)-(3934)', '(050)-(479)-(7057)', '(090)-(721)-(8754)', 'Lance @sa-tec.co.za / mboshoff141@gmail.com', '1'),
('2802270531083', 'Nonjabulo', 'Mafogo', '11 GALLINULE STREET ROOIHUISKRAAL', '', '(068)-(535)-(6596)', '(088)-(942)-(5179)', '(062)-(571)-(6982)', '', '6'),
('2804070757085', 'Edwin', 'Chilinda', '33961 Meadowlands Zone 398', '1852', '(040)-(139)-(2394)', '(082)-(568)-(0086)', '(057)-(658)-(7492)', '', '5'),
('2804220399085', 'Tsholofelo ', 'Benjamin', 'P O Box 22539 Letlhabile', '269', '(069)-(642)-(6052)', '(024)-(785)-(8235)', '(098)-(916)-(2699)', 'Tsholofelo @medallist.comau', '6'),
('2805070756085', 'Benjamin', 'Mofokeng', 'P O Box 23989 Rustenburg', '0300', '(019)-(631)-(6781)', '(078)-(333)-(5176)', '(040)-(324)-(8409)', 'Benjamin@hotmail.com', '6'),
('2807090965085', 'Michiel ', 'Mathabatha', '351 Mavimbela Section Katlehong', '1931', '(054)-(511)-(4156)', '(045)-(998)-(6940)', '(070)-(390)-(5312)', 'Michiel @GMAIL.COM', '1'),
('2808250506083', 'Nishandhran ', 'Shezi', '9 Fern Close 9996 Thornhill Estate Bendor Polokwane Thornhill Plaza', '0699', '(060)-(802)-(5793)', '(033)-(521)-(6539)', '(047)-(228)-(2683)', 'Nishandhran @standardbank.co.za', '6'),
('2809260609084', 'Mmasaka ', 'Myeza', '13 Garrick Road University Estate Woodstock', '7925', '(057)-(441)-(7996)', '(079)-(590)-(7728)', '(051)-(628)-(9781)', 'Mmasaka @mweb.co.za', '1'),
('2809270394087', 'Simphiwe ', 'Jacobs', '26 Swartkops Avenue Extension 2 Eldorado Park', '1811', '(056)-(696)-(9341)', '(046)-(824)-(4917)', '(063)-(901)-(4440)', 'Simphiwe @nashuaisp.co.za', '5'),
('2811170937087', 'Jan ', 'Robinson', '395 Erica Avenue Boksburg', '1959', '(036)-(230)-(3090)', '(065)-(740)-(1390)', '(089)-(275)-(3191)', '', '6'),
('2811240555087', 'Rene', 'Makhonza', '', '', '(018)-(691)-(6329)', '(093)-(745)-(6785)', '(098)-(359)-(9033)', 'Rene@gmail.com', '6'),
('2902030264083', 'Trevor ', 'Ganga-Scott', '3 Denise Road, Unit 16 Sandton', '2196', '(026)-(738)-(3010)', '(066)-(653)-(3994)', '(028)-(372)-(8183)', '', '6'),
('2905080185087', 'Shivesh', 'Mathebula', 'P O Box 1320 Pietermaritzburg', '3200', '(071)-(945)-(7843)', '(091)-(810)-(1781)', '(019)-(517)-(7409)', 'Shivesh@gmail.com', '1'),
('2906040747081', 'Johanna ', 'Muselli', '18398 Riet Avenue Barkly West', '8375', '(011)-(853)-(5976)', '(030)-(259)-(2683)', '(043)-(619)-(0387)', '', '1'),
('290611026087', 'Goratamang ', 'Owens', '5 Mosiliki Katlehong', '1931', '(034)-(452)-(4032)', '(045)-(984)-(6194)', '(046)-(536)-(3745)', 'Goratamang @telkomsa.net', '6'),
('2907080814082', 'Tumelo ', 'Molepo', 'P O Box 16502 Lyttelton', '190', '(042)-(531)-(1149)', '(089)-(758)-(1415)', '(085)-(723)-(6298)', 'Tumelo @mannas.co.za', '6'),
('2909270467081', 'Desmond', 'Louvouezo Banzouzi', '8 Jarvis Road Berea', '5291', '(063)-(659)-(5343)', '(072)-(927)-(3033)', '(010)-(405)-(4523)', '', '6'),
('3001280724084', 'Nkani ', 'Mohlala', 'P O Box 2326 Ermelo', '2350', '(011)-(142)-(0649)', '(014)-(519)-(7920)', '(079)-(241)-(0467)', 'Nkani @telkomsa.net', '6'),
('3004230801084', 'Shaun ', 'Geitner', 'Unit 52 35 Jules Avenue Jeppestown', '2099', '(016)-(274)-(7068)', '(078)-(840)-(6582)', '(050)-(869)-(3499)', 'Shaun @gmail.com', '6'),
('3203230938086', 'Fulufhelo ', 'Zombene', 'Jean Avenue Lyttelton', '0157', '(075)-(221)-(8555)', '(017)-(979)-(1283)', '(070)-(956)-(6994)', 'Fulufhelo @mtn.co.za', '6'),
('3205070928081', 'Mmadineo ', 'Tandwa', 'Andesstr.1361\nBergbron', '', '(058)-(380)-(5593)', '(034)-(754)-(4986)', '(062)-(113)-(2202)', '', '6'),
('3205230915086', 'Ntombekaya', 'Mugadi', '3 Edmund Street\nConstantia Kloof\n1712', '', '(068)-(737)-(3325)', '(054)-(764)-(9500)', '(054)-(518)-(4549)', '', '6'),
('3208130215083', 'Koena ', 'Viviers', '9 Besembos Amandasig', '0182', '(019)-(867)-(9883)', '(037)-(958)-(3816)', '(054)-(447)-(0733)', 'Koena @yahoo.com', '6'),
('3211200919082', 'Loyald ', 'Nthani', 'No: 39862 Lakeside Proper Evaton', '1989', '(033)-(903)-(7765)', '(033)-(750)-(8047)', '(039)-(342)-(4198)', 'Loyald @tiscali.co.za', '6'),
('3211280908087', 'Nonhlanhla ', 'Naidoo', '16 Eaglestraat\nHorison\n1724', '', '(061)-(578)-(7955)', '(026)-(237)-(9676)', '(093)-(882)-(2847)', '', '3'),
('3212110757087', 'Navisha', 'Baloyi', 'Posbus 5024\nHorison\n1730', '', '(095)-(228)-(6921)', '(064)-(897)-(8331)', '(070)-(491)-(1699)', 'Navisha@exxess.co.za', '6'),
('3305280817081', 'Mangope ', 'Engelbrecht', '8 Curlewis Road Bloubergrant', '7991', '(061)-(916)-(8185)', '(024)-(190)-(5802)', '(087)-(819)-(4351)', 'Mangope @telkomsa.net', '1'),
('3306170196085', 'Sinqobile', 'Dzegere', '3399 Block Dd Soshanguve', '0152', '(068)-(847)-(4612)', '(036)-(985)-(1832)', '(020)-(482)-(8106)', '', '6'),
('3405190169081', 'Katlego ', 'Swanepoel', '5 The Hub Duchesses Avenue Windsor West', '2199', '(058)-(897)-(2417)', '(068)-(811)-(2093)', '(074)-(898)-(4001)', 'Katlego @hotmail.com', '1'),
('3406130687081', 'Duane ', 'Zaverdinos', '6 Diaz Avenue Eastleigh', '1609', '(061)-(721)-(0007)', '(081)-(239)-(7486)', '(035)-(225)-(2605)', '', '6'),
('3406260688085', 'Sven ', 'Maswanganyi', 'P O Box 68032 Highveld', '0169', '(067)-(862)-(2614)', '(074)-(806)-(0792)', '(068)-(519)-(7630)', 'Sven @workmail.co.za', '1'),
('3410210326084', 'Seturumane ', 'Banza', '13 Philips Road Escombe', '9093', '(055)-(737)-(3275)', '(079)-(236)-(8345)', '(051)-(263)-(1955)', 'Seturumane @nfrs.co.za', '1'),
('3411260488085', 'Edwin ', 'Dzegere', 'Private Bag X01 Doornpoort', '0017', '(066)-(697)-(3800)', '(049)-(328)-(9463)', '(058)-(412)-(7931)', 'Edwin @gmail.com', '6'),
('341216047088', 'Sandiso', 'Naidoo', '88 Towerbridge Gardens Stone Bridge', '9068', '(038)-(261)-(4393)', '(010)-(689)-(1524)', '(033)-(458)-(6428)', 'Sandiso@abrahamkriel.org', '6'),
('34565454555', '', '', '', '', '', '', '', '', '1'),
('3502010805081', 'Nasreen', 'Lee', 'PO Box 331\nFlorida\n1710', '', '(099)-(597)-(8618)', '(066)-(496)-(1886)', '(054)-(499)-(3418)', '', '6'),
('3503100678084', 'Jonathan', 'Phalane', 'F1902 Aintree Building 99 O\'Rielly & Tudhope Avenue Berea', '2198', '(096)-(576)-(3186)', '(068)-(610)-(4108)', '(078)-(858)-(4999)', '', '1'),
('3505100334081', 'Asanda', 'Motsinone', '391 Rail Avenue Florida', '1709', '(083)-(342)-(6518)', '(026)-(786)-(1758)', '(090)-(554)-(9607)', 'Asanda@absamail.co.za', '6'),
('3508030550085', 'Sean', 'Cobokana', 'Posbus 6199 Secunda', '2302', '(028)-(582)-(4201)', '(063)-(273)-(8384)', '(062)-(194)-(0939)', 'Sean@nedbank.co.za', '6'),
('3508130716085', 'Mark ', 'Mtshali', 'P O Box 3981218 Moreleta Plaza', '0167', '(095)-(485)-(8436)', '(020)-(648)-(1991)', '(062)-(375)-(3297)', 'Mark @wirsam.com  rattanya@hotmail.com', '6'),
('3509040348083', 'Jaco', 'Ravhura', '23980 Cuba Location Butterworth', '9960', '(091)-(150)-(5446)', '(011)-(388)-(6501)', '(062)-(336)-(3531)', '', '6'),
('3601280328086', 'Mishack ', 'Morudu', '81 Bird Avenue No: 39 Vier Eike Stellenbosch', '7600', '(033)-(466)-(2466)', '(079)-(767)-(3080)', '(084)-(753)-(4387)', 'Mishack @telkomsa.net', '5'),
('3602250350086', 'Moyahabo ', 'Mbonani', '11 Gallinule Avenue Rooihuiskraal', '0157', '(084)-(780)-(3175)', '(030)-(900)-(6360)', '(026)-(724)-(4857)', 'Moyahabo @mweb.co.za', '6'),
('3605040496081', 'Steven', 'Shariff', '9935 Mulaudzi Avenue Tshiawelo', '1818', '(056)-(941)-(1755)', '(052)-(518)-(5093)', '(014)-(965)-(1656)', 'Steven@reatile.co.za', '5'),
('3605090332085', 'Portia ', 'Geitner', '51 Frangipani Chantelle Ext 16', '0182', '(085)-(337)-(5545)', '(073)-(276)-(7178)', '(020)-(353)-(0835)', '', '1'),
('3610150249083', 'Candice', 'Moetapele', 'P O Box 130055 Bryanston', '2021', '(032)-(186)-(2704)', '(075)-(697)-(2539)', '(081)-(125)-(0036)', 'Candice@telkomsa.net', '6'),
('3708100193088', 'Piet', 'Mokgothu', 'P O Box 990 Mulbarton', '2059', '(036)-(464)-(6498)', '(071)-(428)-(2374)', '(098)-(527)-(9321)', 'Piet@edcon.co.za', '6'),
('3801170828084', 'Jonathan ', 'Du Plessis', 'P O Box 2205 Upington', '8800', '(045)-(790)-(3472)', '(033)-(555)-(9087)', '(032)-(317)-(1111)', 'Jonathan @gmail.com', '1'),
('3809260231088', 'Morwamakgomo ', 'Lechelele', 'A2 Bel Eau Flats Victroia Seychelles', '0000', '(036)-(566)-(4119)', '(072)-(640)-(9737)', '(090)-(747)-(1877)', '', '1'),
('3810250735087', 'Berry ', 'Chilinda', 'Postnet Suite 69 Private Bag X06 Quagga', '0058', '(055)-(447)-(9618)', '(086)-(108)-(6871)', '(047)-(517)-(6398)', 'Berry @gmail.com', '6'),
('3811210932081', 'Nontshumayelo ', 'Ntumba', 'Speldekussinglaan 16\nROODEKRANS', '', '(051)-(944)-(0681)', '(019)-(362)-(8555)', '(040)-(211)-(6070)', '', '6'),
('3902120576083', 'Sameer', 'Murindagomo', 'P O Box 1291 Parklands', '2121', '(058)-(139)-(0040)', '(050)-(413)-(7292)', '(040)-(682)-(5987)', '', '5'),
('3906160799085', 'Ntsakisi ', 'Ndou', '1158 MANCHESTER CRESCENT LENASIA SOUTH', '', '(059)-(347)-(6246)', '(060)-(581)-(5211)', '(037)-(963)-(7424)', 'Ntsakisi @gmail.com', '5'),
('3906250668088', 'Nkhetheni ', 'Phosa', 'P O Box 921 Letaba', '0870', '(095)-(260)-(1710)', '(075)-(430)-(0922)', '(088)-(655)-(0479)', 'Nkhetheni @mystudysmart.com', '5'),
('3909170450081', 'Johanna ', 'Jojo', 'P O Box 3999 Plettenberg Bay', '6600', '(041)-(724)-(3675)', '(082)-(563)-(0961)', '(085)-(773)-(3202)', 'Johanna @mac.com', '3'),
('3911070339085', 'Tshepiso ', 'Ngwa', '323 Ethafeni Section Tembisa', '1632', '(051)-(342)-(1997)', '(075)-(284)-(3209)', '(069)-(938)-(1761)', 'Tshepiso @erazyweb.co.za', '2'),
('3912200408082', 'Phaiphai ', 'Mputhi', 'P O Box 222 Philip Nel Park', '0029', '(056)-(742)-(2941)', '(073)-(943)-(8679)', '(077)-(202)-(9845)', 'Phaiphai @mweb.co.za', '6'),
('4003100886084', 'George ', 'Mhatlhe', '1206 Kuskoraal Avenue Moregloed', '0186', '(090)-(901)-(7137)', '(071)-(557)-(1855)', '(074)-(336)-(2832)', '', '6'),
('400422050085', 'Adriaan', 'Fourie', '208 Wattle Avenue Alveda Park Ext 2', '2091', '(090)-(749)-(3083)', '(094)-(931)-(1216)', '(084)-(115)-(6587)', '', '6'),
('4004220578084', 'Matthew ', 'Booysen', '15 Magnolia Way Ridgeworth Bellville', '7530', '(039)-(370)-(8432)', '(033)-(143)-(3745)', '(037)-(166)-(5231)', '', '5'),
('4005040289082', 'Thomas ', 'De Wet', 'No 2 Ironwood Sagewood X398 Noordwyk', '1687', '(012)-(981)-(2486)', '(063)-(494)-(7221)', '(019)-(182)-(8998)', 'Thomas @its.co.za', '6'),
('4011110520082', 'Michael ', 'Samwell', 'P O Box 133398 N1 City', '7963', '(052)-(992)-(5950)', '(057)-(319)-(6896)', '(080)-(937)-(0706)', 'Michael @liblink.co.za', '6'),
('4102140915085', 'Mmabogadi ', 'Magutshwa', '699 Abel Manana Avenue Mthambeka Section Tembisa', '1632', '(051)-(978)-(7394)', '(081)-(971)-(2079)', '(032)-(249)-(3833)', '', '1'),
('4103240120082', 'Livhuwani ', 'Pillay', '3239 Lebese Avenue Mmesi Park', '1863', '(035)-(541)-(3390)', '(055)-(290)-(6194)', '(042)-(329)-(6564)', 'Livhuwani @wirsam.com', '6'),
('4104200140083', 'Thomas', 'Mtyobile', 'P O Box 2968 Rooihuiskraal', '159', '(083)-(640)-(1066)', '(020)-(750)-(8998)', '(087)-(795)-(9269)', 'Thomas@rebox.co.za', '5'),
('4106120248084', 'Gaotingwe', 'Nkabinde', 'PO Box 561\nGlenvista\n2058', '', '(082)-(870)-(1925)', '(079)-(126)-(3644)', '(010)-(429)-(7466)', 'Gaotingwe@mtnloaded.co.za', '6'),
('4110240825083', 'Devandren', 'Moshwela', '9395 Soshanguve Block Xx', '0152', '(074)-(102)-(2922)', '(062)-(200)-(5618)', '(040)-(115)-(8510)', '', '6'),
('4111180106083', 'Johannes ', 'Sayed', 'P O Box 11199 Selcourt', '1567', '(092)-(742)-(8352)', '(091)-(167)-(8056)', '(031)-(343)-(2940)', '', '1'),
('4202160138084', 'Nomsa ', 'Van Eetveld', 'P O Box 2995 Bronkhorstspruit', '7820', '(017)-(684)-(0684)', '(048)-(375)-(8703)', '(089)-(984)-(0368)', 'Nomsa @webmail.co.za', '6'),
('4204250189082', 'Byron ', 'Booysen', 'No 39 Crystal Gardens 1 Lichi Lane 93 Circle Street Wyebank', '3678', '(072)-(367)-(8364)', '(074)-(663)-(4773)', '(084)-(179)-(0812)', 'Byron @iafrica.com', '6'),
('4207260415085', 'Matthew ', 'Mahlangu', 'P O Box 6659 Roggebaai', '8012', '(017)-(200)-(1709)', '(024)-(101)-(8093)', '(083)-(973)-(9729)', 'Matthew @mweb.co.za', '1'),
('4208135565089', 'ghhhhh', 'nnnnnn', '113 Manqoba st Soweto', '8944', '', '', '', '', '1'),
('4211180586086', 'Stacy ', 'Smith', 'P O Box 3063939 Braamfontein', '2017', '(049)-(406)-(9996)', '(079)-(869)-(4968)', '(085)-(739)-(9439)', 'Stacy @gmail.com', '5'),
('4302130387083', 'Eunice ', 'Le Masson', '50239 Mocke Avenue Daveyton', '1520', '(033)-(677)-(7961)', '(022)-(428)-(5476)', '(070)-(156)-(8703)', 'Eunice @gmail.com', '6'),
('4307190367081', 'Penelope', 'Dube', 'P O Box 259 Radium', '983', '(039)-(391)-(8991)', '(059)-(376)-(0655)', '(095)-(817)-(2290)', 'Penelope@gmail.com', '6'),
('4308010928085', 'Brian ', 'Ratshefola', 'P O Box 591 Southern Paarl', '7629', '(018)-(387)-(1207)', '(093)-(856)-(9526)', '(093)-(347)-(1087)', 'Brian @smartcall.co.za', '6'),
('4401230403085', 'Cecil ', 'Swanepoel', 'Unit 139 Devon Valley 3 Weltevredenpark', '1709', '(097)-(476)-(9632)', '(071)-(198)-(5937)', '(058)-(992)-(2711)', 'Cecil @yahoo.com', '6'),
('4403190822084', 'Phindile ', 'Tong', 'P O Box 13992 Laudium', '0037', '(081)-(721)-(4307)', '(036)-(538)-(2454)', '(056)-(938)-(7569)', 'Phindile @unisa.ac.za', '3'),
('4403240664081', 'George ', 'Zawistowski', 'P O Box 6099 Weltevredenpark', '1715', '(098)-(446)-(4395)', '(039)-(673)-(0391)', '(093)-(602)-(0892)', 'George @inkcom.co.za', '6'),
('4410200801082', 'Nilukshi ', 'Shange', 'Africanarylaan 5\nBreaunanda', '', '(076)-(103)-(4531)', '(022)-(516)-(8914)', '(087)-(338)-(1603)', '', '1'),
('4504280921086', 'Rodger ', 'Bomela', '521 Inanda Glebe Inanda Glebe', '9309', '(051)-(596)-(1096)', '(037)-(128)-(7714)', '(068)-(632)-(8048)', '', '1'),
('4508260675083', 'Chris', 'Mohaleamalla', '983939 Nicholas Avenue Orlando East', '1809', '(077)-(463)-(7608)', '(045)-(328)-(2386)', '(056)-(578)-(7671)', '', '6'),
('4509140295084', 'Leshata ', 'Nhalungo', '639 Springfield Str Bellville', '7530', '(070)-(325)-(5060)', '(027)-(438)-(2476)', '(013)-(869)-(8523)', 'Leshata @nedbank.co.za', '6'),
('4509220879086', 'Vuyisile ', 'Ndou', '852 Hospital View Tembisa', '1632', '(092)-(570)-(8963)', '(048)-(889)-(0863)', '(085)-(248)-(5438)', 'Vuyisile @mbweb.co.za', '6'),
('4510260369082', 'Nomvula ', 'Baulraj', 'P O Box 39 Kwambonambi', '3915', '(057)-(225)-(3056)', '(020)-(496)-(7366)', '(022)-(944)-(3343)', 'Nomvula @telkomsa.net', '6'),
('4511070585086', 'Mcebisi ', 'Baloyi', '6008 Malmook Avenue Crystal Park', '1501', '(095)-(979)-(3460)', '(061)-(687)-(5206)', '(039)-(276)-(1991)', 'Mcebisi @absamail.co.za', '6'),
('451201089085', 'Wisani ', 'Naidoo', 'P O Box 3939 Witrivier', '1290', '(025)-(686)-(9875)', '(017)-(701)-(5211)', '(036)-(720)-(4105)', 'Wisani @andrewmiller.co.za', '6'),
('4512030696084', 'Marianna ', 'Ndzutha', 'P O Box 123939 The Tramshed', '0126', '(050)-(729)-(5090)', '(043)-(446)-(1989)', '(036)-(146)-(6188)', 'Marianna @global.co.za', '1'),
('4512220543086', 'Frans ', 'Mynhardt', '26539 Setso Avenue Nellmapius Ext 9', '0122', '(081)-(523)-(3053)', '(067)-(698)-(6859)', '(031)-(888)-(9240)', '', '5'),
('4601060264085', 'Thato ', 'Mokoena', 'Postnet Suite 51 Private Bag X16392 Grahamstown', '6190', '(079)-(423)-(7645)', '(093)-(689)-(8711)', '(090)-(234)-(0285)', 'Thato @gmail.com', '5'),
('4601060401083', 'Francois', 'Mathobela', 'PO Box 1109\nMondeor\n2110', '', '(098)-(850)-(1057)', '(036)-(784)-(1914)', '(056)-(758)-(6695)', 'Francois@dhfoods.co.za', '5'),
('4603230789086', 'Nkgopoleng ', 'Maritz', '235 Veldman Avenue Eersterus', '0022', '(064)-(748)-(3955)', '(037)-(482)-(9390)', '(034)-(594)-(2225)', '', '6'),
('4605100562088', 'Ndivhuwo ', 'Easton', 'P O Box 39399 Newton Park', '6055', '(012)-(746)-(9790)', '(095)-(424)-(3548)', '(010)-(202)-(4187)', 'Ndivhuwo @eskom.co.za', '5'),
('4701240299087', 'Balungile ', 'Motsinone', '94 Florence Street\nNoordgesig\n1804', '', '(061)-(512)-(8780)', '(078)-(368)-(0656)', '(080)-(114)-(3244)', 'Balungile @computershare.co.za', '1'),
('4702060556086', 'Tshilidzi', 'Iliev', 'P O Box 633 Riebeek-Wes', '7306', '(062)-(427)-(3660)', '(059)-(980)-(5988)', '(052)-(325)-(1206)', 'Tshilidzi@yahoo.co.uk', '5'),
('47072706087', 'Chippa ', 'Shange', '398 Kwane Avenue Motherwell Nu 6', '6211', '(075)-(182)-(9766)', '(051)-(634)-(9247)', '(081)-(241)-(0799)', 'Chippa @volsec.co.za', '6'),
('4708110702087', 'Gert ', 'Lea', 'MalanAvenue 9 Brackenfell', '7560', '(022)-(440)-(6104)', '(033)-(699)-(7599)', '(031)-(628)-(8419)', 'Gert @telkomsa.net', '6'),
('4708135565089', 'Teboho', 'Ndengane', '20 jeep street joz', '8930', '', '', '', '', '1'),
('4710160845084', 'Daisy ', 'Makwana', '139 Cameron Crescent Mountain Rise', '3201', '(026)-(791)-(1523)', '(068)-(127)-(4419)', '(043)-(201)-(7828)', '', '6'),
('47120603088', 'Itumeleng ', 'Makapela', '569 Block P Soshanguve', '0152', '(048)-(608)-(3750)', '(022)-(873)-(7626)', '(099)-(417)-(7121)', 'Itumeleng @mweb.co.za', '6'),
('4802050681086', 'Mubarak', 'Van Wyk', '69639 Kulati Avenue Port Elizabeth', '6001', '(096)-(313)-(6489)', '(074)-(157)-(8867)', '(074)-(203)-(4931)', 'Mubarak@gmail.com', '1'),
('4804180882084', 'Emmanuel', 'Mhlarhi', '2698 Kerriebos Ext6 Ebony Park Midrand', '1682', '(033)-(953)-(6591)', '(035)-(121)-(2717)', '(064)-(507)-(6047)', 'Emmanuel@absamail.co.za', '6'),
('4808135565089', 'Jabula', 'Ndengane', 'bbbbn', '8945', '', '', '', '', '1'),
('4812160561083', 'Nkgopoleng ', 'Spengane', 'Ugie High School Ugie', '5970', '(056)-(592)-(1537)', '(019)-(945)-(5824)', '(042)-(294)-(6599)', 'Nkgopoleng @groupfive.co.za', '5'),
('4901240565082', 'Pedron ', 'Masuku', '9399 Block Y Soshanguve', '0152', '(065)-(224)-(3950)', '(068)-(741)-(1747)', '(042)-(364)-(0294)', 'Pedron @mweb.co.za', '1'),
('4905080506087', 'Wilna', 'Lukasu', '920 Witchhazel Avenue Eco-Glades 2 Centurion', '0157', '(056)-(945)-(7708)', '(088)-(583)-(9678)', '(075)-(931)-(0307)', 'Wilna@gmail.com', '6'),
('4905210696087', 'Sheldon ', 'Sethole', '12 TWEEVINGERGRAS DANVILLE', '', '(064)-(523)-(5918)', '(039)-(951)-(3641)', '(021)-(493)-(7839)', '', '6'),
('4906270884086', 'Nompumelelo', 'Tsotetsi', 'P O Box 3989 Polokwane', '0700', '(023)-(692)-(8878)', '(047)-(939)-(0080)', '(010)-(941)-(8997)', 'Nompumelelo@gmail.com', '5'),
('490705046088', 'Ayanda', 'Mlawuli', '39 Wellington Avenue Goodwood', '7960', '(083)-(260)-(2972)', '(022)-(883)-(8524)', '(091)-(257)-(9320)', '', '1'),
('4909110460081', 'Johannes ', 'Baale', 'P O Box 1663 Lillydale', '1281', '(039)-(774)-(3214)', '(043)-(177)-(4244)', '(024)-(500)-(6800)', '', '1'),
('491010022086', 'Kivan', 'Dambuza', '6 Weber Crescent Penlyn Estate Lansdowne', '7780', '(066)-(940)-(2054)', '(015)-(865)-(4063)', '(020)-(605)-(0603)', 'Kivan@icon.co.za', '6'),
('4910190324088', 'Mduduzi ', 'Masungwini', 'P O Box 528 Cradock', '5880', '(088)-(900)-(2930)', '(093)-(850)-(9212)', '(069)-(330)-(0239)', '', '5'),
('4911280960085', 'Mamahooe ', 'Shoko', '31St Avenue 656 Villieria', '0186', '(017)-(470)-(7662)', '(047)-(169)-(4332)', '(073)-(637)-(1665)', 'Mamahooe @iburst.co.za', '6'),
('5001070584088', 'Linda', 'Brook', '28 1St Avenue Alexandra', '2090', '(025)-(119)-(3729)', '(035)-(668)-(7713)', '(019)-(913)-(8638)', '', '6'),
('5001110128088', 'Rene', 'Gumbi', '39 Barracuda Avenue Mossel Bay Ext 13', '6506', '(053)-(271)-(5660)', '(051)-(228)-(7636)', '(036)-(516)-(6153)', 'Rene@5gattorneys.co.za', '6'),
('5002080660085', 'Tlou ', 'Mabotja', '1158 Manchester Crescent Lenasia South', '1829', '(047)-(389)-(5659)', '(082)-(606)-(7726)', '(013)-(473)-(6015)', 'Tlou @rbiworld.co.za', '6'),
('5002180199088', 'Tshepiso ', 'Ekanayake', 'Posbus 6914\nANSFRERE\n1711', '', '(041)-(876)-(6597)', '(036)-(156)-(9914)', '(017)-(557)-(5732)', 'Tshepiso @arc.co.za', '6'),
('5007040974083', 'Calvin', 'Rosser', '16 Eaglestraat\nHorison\n1724', '', '(073)-(165)-(7166)', '(081)-(904)-(8770)', '(053)-(805)-(4989)', '', '3'),
('5008230824086', 'Daisy ', 'Machabaphala', 'P O Box 396181 Lynnwood Ridge', '90', '(096)-(450)-(9617)', '(044)-(955)-(0975)', '(098)-(641)-(6338)', 'Daisy @phbs.co.za', '3'),
('5009140926088', 'Olga', 'Lehola', '8 Marsdiep Mansions Kenilworth', '7708', '(092)-(748)-(6426)', '(048)-(258)-(9701)', '(086)-(992)-(2147)', 'Olga@gmail.com', '6'),
('5102060208085', 'Michiel ', 'Soare', 'Schultzstr. 17\nHorison\n1724\nPosbus 7145\nWestgate\n1734', '', '(022)-(311)-(3788)', '(069)-(264)-(1791)', '(063)-(793)-(3455)', '', '1'),
('510523033088', 'Fezile', 'Nkabinde', '61 Tuscan Waters Gie Road Parklands', '7991', '(028)-(662)-(6165)', '(017)-(982)-(2477)', '(011)-(289)-(8994)', '', '1'),
('5109040274081', 'Nthabiseng ', 'Banga', '53961 Rondebult Roodebult', '1901', '(045)-(111)-(1629)', '(015)-(228)-(5436)', '(022)-(168)-(1266)', 'Nthabiseng @unisa.ac.za', '1'),
('5109080251088', 'Jaco ', 'Matji', '19 Sabierivier Avenue Norkem Park Ext 2', '1618', '(040)-(363)-(7084)', '(081)-(729)-(9235)', '(055)-(897)-(2553)', '', '3'),
('510915039082', 'Chrisna', 'Malemone', '7 Nurney Street\nCrosby', '', '(062)-(600)-(1913)', '(093)-(902)-(8011)', '(028)-(196)-(7457)', 'Chrisna@standardbank.co.za', '1'),
('511127046082', 'Edwin', 'Dlamini', 'Hortense laan\nFlorida Glen', '', '(081)-(575)-(2418)', '(041)-(381)-(4846)', '(092)-(285)-(4922)', 'Edwin@telkomsa.net', '6'),
('5202230409086', 'Thobani ', 'Sehume', 'P O Box 12990 Centurion', '96', '(047)-(335)-(2479)', '(070)-(424)-(3994)', '(083)-(104)-(7613)', 'Thobani @vodamail.co.za', '1'),
('5206110625085', 'Mduduzi', 'Mangena', '11 Mayibuye House No 19326 Joburg Ivory Park Ext 12', '1685', '(060)-(112)-(2791)', '(040)-(808)-(8039)', '(011)-(887)-(0096)', 'Mduduzi@rbiworld.co.za', '6'),
('5208135565087', 'Joel', 'Murach', '10 Dean Way', '1254', '', '', '', 'joelm@gmail.com', '1'),
('5209150693082', 'Hendrick ', 'Tyhalithi', '55 Mercury Cresent Newholmes Pietermaritzburg', '3201', '(023)-(905)-(3672)', '(027)-(398)-(3285)', '(064)-(229)-(6225)', '', '6'),
('521023092081', 'Edwin ', 'Nkune', '21 Gildcroft Close Phoenix Longcroft', '9068', '(074)-(978)-(8437)', '(025)-(336)-(4813)', '(033)-(646)-(1699)', '', '5'),
('5210250933083', 'Mmadineo ', 'Cobokana', '36 Ilchester Avenue Somerset Park', '9319', '(088)-(459)-(8346)', '(082)-(143)-(0243)', '(010)-(926)-(7003)', 'Mmadineo @lantic.net', '6'),
('5212190473083', 'Celeste ', 'Fourie', 'P O Box 39819 Vredendal', '8160', '(054)-(612)-(9416)', '(080)-(520)-(4205)', '(065)-(409)-(8949)', '', '1'),
('5304280232082', 'Nthateng ', 'Songo', '11399 Mphophoma Str Klipfontein View', '1685', '(083)-(279)-(1103)', '(037)-(364)-(4960)', '(053)-(664)-(0353)', 'Nthateng @hotmail.com', '5'),
('530628013085', 'Modisaotsile ', 'Van Rensburg', 'P O Box 356 Umkomaas', '9170', '(058)-(153)-(5944)', '(029)-(585)-(1426)', '(019)-(686)-(2915)', '', '6'),
('5307060340088', 'Nobubele ', 'Ndlovu', '3919 Makou Avenue Monumentpark Ext 39', '0181', '(049)-(976)-(9390)', '(052)-(442)-(9922)', '(047)-(265)-(2520)', 'Nobubele @vodamail.co.za', '6'),
('5308230754082', 'Segrin ', 'Mudzinganyama', 'P O Box 1696 Mafikeng South', '2791', '(083)-(889)-(4509)', '(063)-(738)-(9833)', '(094)-(198)-(8791)', 'Segrin @linhorn.co.za', '5'),
('531127094084', 'Shaun ', 'Naidoo', '200 Heron Avenue Kharwastan', '9092', '(016)-(554)-(7714)', '(017)-(158)-(6412)', '(081)-(662)-(9948)', 'Shaun @intekom.co.za', '5'),
('5404130544086', 'Oteng ', 'Moloisane', '3980 Ruth First Avenue Lotus Gardens', '0008', '(074)-(867)-(6318)', '(033)-(599)-(5134)', '(090)-(558)-(6014)', 'Oteng @pyromet.co.za', '1'),
('5405270193088', 'Moses', 'Ketelo', '1 Kliprivier street Secunda SECUNDA', '', '(022)-(468)-(3821)', '(055)-(877)-(0279)', '(059)-(848)-(6973)', '', '1'),
('5502200833083', 'Mabokale ', 'Nhalungo', 'Africanarylaan 5', '', '(066)-(232)-(4505)', '(018)-(655)-(7338)', '(022)-(132)-(9140)', 'Mabokale @global.co.za', '1'),
('5505090581082', 'Moyahabo ', 'Maboko', 'P O Box 539 Lenasia', '1820', '(027)-(341)-(6603)', '(063)-(370)-(1534)', '(031)-(333)-(7862)', '', '6'),
('5505120413085', 'Bernard', 'Dinna', 'Dpt Of Rural Development 2390 Jabu Ndlovu Avenue Pietermaritzburg', '3201', '(023)-(722)-(4756)', '(035)-(468)-(5604)', '(019)-(687)-(6773)', 'Bernard@absa.co.za', '1'),
('5505230875081', 'Rene', 'Van Huissteden', '35 Bebelele Avenue Duncan Village', '5209', '(072)-(391)-(4271)', '(048)-(309)-(6205)', '(056)-(306)-(1631)', '', '6'),
('5507130805081', 'Mosima ', 'Webb', '505 Madiba Avenue 5039 Scopus Heights Flat Arcadia', '0083', '(033)-(418)-(6181)', '(087)-(457)-(4550)', '(063)-(429)-(8017)', 'Mosima @polka.co.za', '5'),
('5507140417085', 'Derrick ', 'Busuku', '392 Brushwood Estate Sundowner', '2188', '(073)-(465)-(1581)', '(077)-(162)-(6894)', '(015)-(843)-(2058)', 'Derrick @worldonline.co.z', '1'),
('5510220761085', 'Chrisna', 'Smits', '29583 Katse Avenue Mamelodi East Ext 9', '0122', '(052)-(529)-(1600)', '(086)-(854)-(9438)', '(038)-(353)-(8963)', '', '6'),
('5512080417086', 'Shelden', 'Ledwaba', 'P O Box 168 Pyramid', '0120', '(043)-(898)-(4456)', '(064)-(390)-(9351)', '(051)-(724)-(8675)', 'Shelden@absamail.co.za', '6'),
('5512160318087', 'Glen ', 'Mavimbela', '839 Fairmount View Punters Way Kenilworth Park', '7708', '(016)-(646)-(7619)', '(091)-(537)-(1151)', '(019)-(884)-(2716)', 'Glen @peg.co.za', '6'),
('5602060518087', 'Tshepo ', 'Julies', '2 Alwyn Road Unit 1 Sharon Villas Brooklyn', '7905', '(030)-(999)-(6368)', '(072)-(577)-(8957)', '(084)-(569)-(2643)', '', '6'),
('5608010370088', 'Emil', 'Snyman', '138 Tarragon Two Road 3 Weltevredenpark', '1709', '(015)-(632)-(5114)', '(048)-(474)-(2514)', '(090)-(110)-(4531)', 'Emil@mystudysmart.com', '5'),
('5608060712087', 'Johnson', 'Pillay', '9560 Birch Acres Isimuku Ext 26 Kempton Park', '1619', '(026)-(617)-(5105)', '(050)-(299)-(1990)', '(096)-(718)-(9333)', 'Johnson@mweb.co.za', '5'),
('5608135565087', 'Jabula', 'Menzi', '18 jeep street joz', '8930', '', '', '', '', '1'),
('5608240727082', 'Tshilidzi', 'Terry', 'P O Box 1393 Kanyamazane', '1219', '(081)-(943)-(2153)', '(086)-(854)-(4925)', '(075)-(364)-(8324)', 'Tshilidzi@unisa.ac.za', '3'),
('5612220214081', 'Tshepang ', 'Rudolph', 'Saglerstrasse 5 Hoehenkirchen-Siegertsbrunn 85635 Bavaria Germany', '0000', '(090)-(597)-(7657)', '(074)-(808)-(8208)', '(090)-(174)-(6045)', 'Tshepang @crown.org.za', '6'),
('5703210321082', 'Patrick', 'Faleni', 'P O Box 2001 Wingate Park', '0153', '(028)-(137)-(1874)', '(054)-(350)-(2005)', '(090)-(705)-(8636)', '', '6'),
('5704100297086', 'Amukelani ', 'Seloana', 'P O Box 239821 Yeoville', '2193', '(016)-(998)-(1168)', '(071)-(488)-(0554)', '(019)-(106)-(6210)', 'Amukelani @eoson.co.za', '5'),
('5705080129087', 'Pauline ', 'Ndala', '2699 Section J Ngoma Avenue Mamelodi West', '0122', '(089)-(780)-(7126)', '(082)-(673)-(9621)', '(029)-(161)-(1743)', '', '1'),
('5706150123087', 'Pauline ', 'Semenya', 'no 35 Balalaika st\nStaalveld\n1043', '', '(095)-(147)-(7601)', '(085)-(393)-(3113)', '(092)-(412)-(9899)', 'Pauline @yahoo.com', '6'),
('5706200140082', 'Masekhanyane', 'Mothupi', 'P O Box 13216 Norkem Park', '1631', '(074)-(680)-(1048)', '(060)-(224)-(0633)', '(063)-(398)-(8248)', 'Masekhanyane@gmail.com', '4'),
('5710230923081', 'Precious ', 'Matlakeng', 'Stand No:39832 Peter Nchabele 03989 Mmotong', '789', '(036)-(676)-(5604)', '(068)-(325)-(0303)', '(044)-(804)-(4964)', '', '1'),
('5711110485087', 'Vusi ', 'Bethlehem', '591 Ecaleni Section Mathole Avenue Tembisa', '1632', '(047)-(601)-(8014)', '(027)-(911)-(9283)', '(094)-(887)-(0945)', 'Vusi @telkomsa.net', '6'),
('5801140101084', 'Tomek ', 'Mshaisa', '6 Grafiet Crescent Welgelegen 3 Parow', '7500', '(022)-(652)-(6557)', '(062)-(677)-(1817)', '(047)-(734)-(5542)', '', '5'),
('580512061088', 'Bernhardt ', 'Magutshwa', 'Posbus 1122\nJEFFREYSBAY\n6330', '', '(078)-(471)-(8574)', '(049)-(195)-(2355)', '(056)-(458)-(1618)', 'Bernhardt @yahoo.com', '6'),
('5805130165085', 'Phuti ', 'Van Der Merwe', '9999 Qween Avenue Devland', '1811', '(068)-(384)-(9562)', '(099)-(292)-(4943)', '(053)-(918)-(6980)', 'Phuti @yahoo.co.uk', '6'),
('5809170914084', 'Cobus ', 'Sebate', '53399 Tumisang Avenue Nellmapius', '0122', '(077)-(651)-(9645)', '(056)-(600)-(8794)', '(077)-(103)-(5524)', '', '6'),
('5809250392081', 'Kaylen', 'Selabe', 'P O Box 239 Bonisani', '0927', '(076)-(155)-(8833)', '(079)-(482)-(7304)', '(067)-(636)-(8241)', 'Kaylen@gmail.com', '6'),
('5901150381088', 'Lebogang ', 'Seanego', '5039 Summerfields Estate 6821 Calamus Close Kosmosdal', '0157', '(074)-(867)-(0866)', '(045)-(914)-(6862)', '(039)-(448)-(7804)', 'Lebogang @polka.co.za', '5'),
('5902220915081', 'Goratamang ', 'Zwakala', '1179 MPHOPHOMA STR KLIPFONTEIN VIEW', '', '(048)-(246)-(0972)', '(042)-(915)-(8772)', '(037)-(125)-(0185)', '', '1'),
('5907270761084', 'Mxoleleni ', 'Nkosi', '18059 Ivory Park Chrishani Ivory Park Ext 6', '1632', '(061)-(599)-(8762)', '(029)-(729)-(7946)', '(060)-(369)-(7411)', '', '6'),
('5910030388087', 'Reinhard', 'Msomi', 'P O Box 3950 Mooinooi', '0325', '(095)-(380)-(6431)', '(049)-(136)-(8400)', '(079)-(978)-(1752)', 'Reinhard@yahoo.com', '6'),
('6005080590081', 'Moses', 'Semenya', '550A/89 Mokalane Avenue Naledi', '1861', '(055)-(634)-(2084)', '(089)-(575)-(4753)', '(034)-(542)-(5080)', 'Moses@langley.co.za', '5'),
('6102220345081', 'Busisiwe', 'Saunderson', 'P O Box 529 Groothoek Hospital', '0628', '(098)-(465)-(3325)', '(032)-(667)-(0042)', '(034)-(888)-(6748)', 'Busisiwe@mweb.co.za', '6'),
('6107030710088', 'Muhammad', 'Mokopi', '', '', '(074)-(926)-(4805)', '(077)-(445)-(1993)', '(063)-(327)-(5389)', '', '6'),
('6111040850088', 'Phaphama', 'Duminy', 'Mont Blanc Unit 16 160 Constantia Street Weltevredenpark', '1709', '(094)-(643)-(8114)', '(060)-(183)-(7274)', '(059)-(753)-(9862)', 'Phaphama@edcon.co.za', '6'),
('6111260929085', 'Nomalizo ', 'Malemone', '60 Emoyeni Section Tembisa', '1632', '(082)-(283)-(4778)', '(040)-(228)-(7280)', '(040)-(924)-(6759)', '', '6'),
('6112060275088', 'Magda', 'Peter', 'P O Box 692 Polokwane', '0700', '(087)-(397)-(4070)', '(029)-(475)-(1303)', '(088)-(990)-(3159)', '', '6'),
('6201140807084', 'Nicholas', 'Mdaka', '939 Louis Botha Bonaero Park', '1619', '(085)-(468)-(8449)', '(071)-(388)-(2254)', '(058)-(834)-(5145)', 'Nicholas@vodacom.co.za', '6'),
('6204260308088', 'Nomvula ', 'Mahlangu', 'P O Box 3939 Dobsonville', '1865', '(021)-(917)-(1095)', '(044)-(198)-(0320)', '(062)-(115)-(8096)', '', '5'),
('6207220448088', 'Ramadimetja ', 'Metene', '90 Lafayette Avenue Klein Parys', '7696', '(077)-(265)-(3122)', '(085)-(525)-(9252)', '(084)-(765)-(4873)', '', '3'),
('6208135565087', '', '', '', '', '', '', '', '', '1'),
('6209040562083', 'Neil', 'Makgatho', 'No 86939 Zone 8 Winnie Mandela', '1632', '(025)-(747)-(4580)', '(026)-(665)-(0004)', '(089)-(390)-(2427)', '', '6'),
('630710012087', 'Francois', 'Mosehane', '3 Ibsen Road Hillary', '9099', '(036)-(100)-(8445)', '(014)-(544)-(2727)', '(044)-(670)-(8746)', '', '6'),
('6308240548084', 'Mduduzi ', 'Buys', '06 Baileybridge Unit 9 Stonebridge Phoenix', '9068', '(067)-(592)-(4440)', '(098)-(839)-(0382)', '(097)-(837)-(1515)', 'Mduduzi @mweb.co.za', '5'),
('6310200940086', 'Dalisu ', 'Koeries', 'P O Box 90358 Amanzimtoti', '9125', '(032)-(330)-(2129)', '(069)-(425)-(6788)', '(096)-(395)-(2893)', 'Dalisu @live.co.za', '6'),
('6311250169086', 'Cilia ', 'Patel', '92 Marshall Grove Glenmore', '9001', '(012)-(225)-(3802)', '(048)-(787)-(8265)', '(024)-(890)-(9083)', 'Cilia @chanellegroup.ie', '1'),
('6401240516085', 'Trevor ', 'Monyela', 'PO Box 467\nRant-en-Dal\n1751', '', '(021)-(668)-(6033)', '(061)-(353)-(2907)', '(088)-(951)-(7245)', '', '5'),
('6404030447088', 'Fezeka ', 'Oluwaleye', 'P O Box 2561 Koloti', '0709', '(027)-(983)-(0079)', '(099)-(714)-(8415)', '(047)-(633)-(4136)', '', '6'),
('6404210377085', 'Nkhetheni ', 'Cele', '19 Free State Road Beaconsfield', '8301', '(070)-(126)-(5023)', '(018)-(287)-(2369)', '(013)-(266)-(4876)', 'Nkhetheni @nashuaisp.co.za', '5'),
('6404230631085', 'Zukisa', 'Oloyede', '2635 Zone398 Zwelitsha', '5608', '(011)-(997)-(6564)', '(045)-(622)-(5791)', '(015)-(145)-(3663)', 'Zukisa@telkomsa.net', '5'),
('640428082086', 'Shane ', 'Matshazini', '939 Mlalazi Avenue Mamelodi West', '0122', '(011)-(405)-(4850)', '(029)-(114)-(2426)', '(087)-(364)-(9226)', 'Shane @westsidebrokers.co.za', '6'),
('6408200513081', 'Jade ', 'Ramoipone', 'Posbus 25685 Monumentpark', '785', '(076)-(546)-(2450)', '(062)-(318)-(5630)', '(072)-(631)-(2719)', '', '1'),
('6412050862088', 'Mmasale ', 'Makhubu', '82 Apex Road East Apex Ext 3', '1501', '(034)-(322)-(1264)', '(067)-(529)-(4115)', '(084)-(881)-(2689)', '', '1'),
('6412170702085', 'Shaun ', 'Van Rooyen', 'Cnr Jensen And Bosvlier Strt 96 Soldonne Complex Clarina', '0182', '(088)-(797)-(7508)', '(068)-(361)-(4963)', '(030)-(608)-(3145)', 'Shaun @safeguardchem.co.za', '6'),
('650402056081', 'Ruduwhan ', 'Khuluse', '3035/5 Extension 19 Naturena', '2095', '(091)-(620)-(1011)', '(013)-(327)-(1182)', '(071)-(816)-(8080)', '', '5'),
('6507050556081', 'Kgabo ', 'Mahlagaume', '25 Canavon Avenue Bertrams', '2099', '(026)-(311)-(3299)', '(013)-(497)-(3392)', '(015)-(560)-(3235)', 'Kgabo @absa.co.za', '3'),
('6507070463082', 'Celeste ', 'Masilo', '1399 Phake Section Katlehong', '1931', '(056)-(173)-(2521)', '(081)-(892)-(4571)', '(033)-(753)-(7002)', '', '6'),
('6507120107086', 'Tshepang ', 'Lourens', '21365 First Avenue Lucky Gardens Ethwathwa', '1519', '(089)-(675)-(2717)', '(060)-(182)-(6479)', '(046)-(614)-(8110)', '', '3'),
('6509050392085', 'Selson', 'Mthiyane', '139339 Phase8 Sekhabi Cresent Spruitview', '1931', '(090)-(651)-(1547)', '(065)-(191)-(9374)', '(094)-(168)-(8326)', 'Selson@n-counter.com', '1'),
('6509220788082', 'Jurgen', 'Mokgerepi', '85 Ethel Avenue Fontainebleau', '2199', '(044)-(912)-(3347)', '(064)-(723)-(9881)', '(034)-(907)-(1918)', '', '1'),
('6511130973087', 'Kalaivani', 'Rosser', '693 Namakwa Avenue Vredendal', '8160', '(028)-(670)-(0295)', '(057)-(746)-(5893)', '(040)-(718)-(8308)', '', '5'),
('6602070398082', 'Thandokazi', 'Lauder', '99 General Lucas Meyer Cres Welgelegen', '7500', '(012)-(117)-(7148)', '(069)-(353)-(6003)', '(023)-(227)-(6111)', '', '1'),
('6603100144082', 'Otsile', 'Kubheka', '292 Crimson Avenue Laudium', '0037', '(058)-(930)-(8608)', '(054)-(212)-(1633)', '(046)-(245)-(6766)', '', '6'),
('6605260331087', 'Culnescia', 'Makhubela', '250 Bernini Avenue 98 La Comores Complex Lyttelton', '0157', '(061)-(581)-(5440)', '(085)-(104)-(8112)', '(027)-(200)-(3441)', '', '6'),
('660620054086', 'Cliff', 'Kunene', '2652 Ext 398 Nelmapius Pretoria', '0002', '(038)-(399)-(9879)', '(039)-(970)-(7777)', '(036)-(753)-(3557)', '', '6'),
('6607010903082', 'Olaleye ', 'Madula', 'P O Box 2663 Empumalanga', '958', '(058)-(939)-(1408)', '(049)-(191)-(2837)', '(036)-(222)-(6594)', 'Olaleye @inoxpa.com', '1'),
('6609200993085', 'Victor ', 'Le Clus', '31 ParkAvenue Promosa', '2531', '(020)-(648)-(1963)', '(063)-(880)-(9800)', '(015)-(271)-(1015)', 'Victor @mweb.co.za', '6'),
('670305077081', 'Shephard ', 'Kitinya', 'P13963 Section 39 Madadeni', '2951', '(019)-(143)-(0520)', '(056)-(896)-(8974)', '(099)-(400)-(1295)', 'Shephard @esmartgroup.co.za', '6'),
('6705050635085', 'Dalisu ', 'Lehloka', '19 Dianthus Crescent Malabar', '6020', '(098)-(911)-(1468)', '(072)-(349)-(6273)', '(097)-(555)-(1952)', '', '6'),
('6705220156081', 'Mahlatse ', 'Busuku', '13 Ackermann street\nBreunanda Ext 2\nWilropark\n1724', '', '(018)-(860)-(1358)', '(035)-(359)-(9266)', '(099)-(125)-(2515)', '', '6'),
('6706090775083', 'Jaco', 'Koopman', 'PO Box 15151\nSecunda\n2302', '', '(040)-(564)-(4216)', '(024)-(938)-(5046)', '(079)-(378)-(1537)', 'Jaco@sasp;/cp,', '6'),
('6706260635082', 'Kehinde ', 'Phoshoko', 'P O Box 298539 Gezina', '0031', '(054)-(693)-(5568)', '(094)-(539)-(1422)', '(086)-(406)-(4173)', 'Kehinde @fpimail.co.za', '5'),
('6709270116084', 'Job', 'Engelbrecht', '1206 KUSKORAAL STREET MOREGLOED', '', '(010)-(207)-(8010)', '(060)-(950)-(3369)', '(042)-(627)-(9879)', '', '1'),
('6711170133088', 'Sven ', 'Teane', '1599 Sofasonke Avenue Orlando East', '1809', '(065)-(419)-(1811)', '(023)-(926)-(6059)', '(015)-(703)-(4229)', '', '6'),
('6802050633083', 'Precious ', 'Hucklesby', 'House No 9B Mohlakaneng Avenue Madibapark Seshego', '791', '(037)-(411)-(4583)', '(077)-(878)-(7586)', '(045)-(384)-(3085)', 'Precious @kama.co.za', '6');
INSERT INTO `clients` (`client_id_num`, `client_fname`, `client_lname`, `client_h_address`, `client_Addr_code`, `client_cell`, `client_h_tel`, `client_w_tel`, `client_email`, `client_ref_id`) VALUES
('6803010610087', 'Ricardo ', 'Malapela', 'P O Box 133988 The Tramshed', '0126', '(024)-(982)-(3230)', '(062)-(798)-(1674)', '(055)-(831)-(7727)', '', '1'),
('6803160923084', 'Lionel ', 'Reinke', '199 Bramfischer Street Ferndale', '2199', '(092)-(354)-(4312)', '(016)-(745)-(2552)', '(030)-(217)-(1102)', '', '6'),
('6808120518082', 'Nthateng ', 'Ponnusamy', 'P O Box 60193 Katutura Windhoek Rep. Of Namibia Namibia', '0000', '(093)-(540)-(9295)', '(099)-(819)-(0642)', '(092)-(656)-(4161)', 'Nthateng @telkomsa.net', '6'),
('681014062082', 'Louis ', 'Kearley', '19 Lismore Avenue Crosby', '2092', '(067)-(873)-(1274)', '(037)-(752)-(2601)', '(030)-(239)-(6437)', 'Louis @icon.co.za', '2'),
('6810160795088', 'Precious ', 'Bodenstein', '2309 Nu 11 Mdantsane', '5219', '(067)-(526)-(9343)', '(051)-(139)-(3804)', '(067)-(650)-(6172)', 'Precious @Telkomsa.net', '2'),
('6907130694085', 'Hendrik ', 'Enyanga', 'P O Box 39813393 Moreleta Plaza', '0167', '(084)-(491)-(8832)', '(058)-(339)-(9257)', '(029)-(481)-(6737)', 'Hendrik @yahoo.com', '6'),
('6909200583086', 'Itumeleng ', 'Harri', '391 Rabat Avenue Esiphethweni Section 1 Tembisa', '1632', '(090)-(318)-(7347)', '(077)-(269)-(1138)', '(050)-(764)-(0637)', 'Itumeleng @telkomsa.net', '6'),
('6910130773087', 'Regine', 'Prinsloo', 'P O Box 288 Thulamahashe', '1365', '(044)-(978)-(5365)', '(053)-(575)-(8334)', '(055)-(120)-(0742)', 'Regine@gmail.com', '1'),
('7001190645085', 'Nilukshi ', 'Mokoena', '36 Umgeni River Avenue Norkem Park', '1618', '(071)-(681)-(0489)', '(065)-(173)-(1453)', '(034)-(728)-(2849)', 'Nilukshi @telkom.sa.nee', '2'),
('7002130927081', 'Christopher ', 'Matlhaba', 'P O Box 13339 Polokwane', '0700', '(095)-(506)-(5453)', '(087)-(806)-(6143)', '(030)-(797)-(7683)', 'Christopher @jsb.co.za', '2'),
('7003050348086', 'Nontshumayelo ', 'Muniappen', '29 La Provence Way Mitchell\'S Plain Westridge', '7798', '(044)-(580)-(2936)', '(084)-(285)-(2806)', '(023)-(156)-(5918)', 'Nontshumayelo @robertec.co.za', '6'),
('7004060440082', 'Gaotingwe', 'Jeffries', '299 Rosalind Avenue Lynnwood Ridge', '0081', '(060)-(996)-(2263)', '(039)-(228)-(5123)', '(080)-(322)-(8180)', '', '1'),
('7008135565087', 'Khethiwe', 'Nyoni', '411 Duba st Mfuleni Capetown', '7785', '(083)-(240)-(1892)', '(021)-(492)-(1811)', '(021)-(112)-(9921)', 'knyoni@yahoo.com', '3'),
('7009130331088', 'Selson', 'Moeketsi', 'P O Box 393993939 Mamelodi', '781', '(060)-(899)-(6510)', '(092)-(509)-(0566)', '(060)-(202)-(2965)', 'Selson@gmail.com', '6'),
('7101110702082', 'Matete', 'Zaverdinos', 'Posbus 21223\nHelderkruin\n1733', '', '(071)-(940)-(1110)', '(061)-(556)-(4855)', '(069)-(639)-(5064)', 'Matete@hotmail.com', '6'),
('7106160389084', 'Cedric ', 'Mason', 'House No 8393/58 Mqantsa Tembisa', '1632', '(054)-(957)-(3838)', '(019)-(309)-(1474)', '(068)-(578)-(3882)', 'Cedric @haasbroeksteyn.co.za', '6'),
('7107150227081', 'Mzukisi', 'Sithole', 'PO Box 477\nFlorida\n1710', '', '(068)-(690)-(4942)', '(049)-(928)-(5910)', '(022)-(579)-(5022)', 'Mzukisi@nighttocare.org', '5'),
('7108135565087', 'Dali', 'Kolo', '120056', '7745', '(081)-(142)-(6934)', '(021)-(707)-(8911)', '(021)-(411)-(6303)', 'dalikolo@gmail.com', '3'),
('7108280360087', 'Maria ', 'Vorster', 'P O Box 652 Deer Park', '0852', '(089)-(451)-(1674)', '(041)-(199)-(8401)', '(098)-(174)-(3341)', 'Maria @hyundai.co.za', '1'),
('7202270202087', 'Katlego', 'Gondo', 'P O Box 513 Nongoma', '3950', '(041)-(167)-(5489)', '(058)-(277)-(7598)', '(045)-(487)-(2696)', 'Katlego@hotmail.com', '6'),
('7203030169082', 'Yaseen', 'Mabena', 'P O Box 23991 Cresta', '2118', '(064)-(905)-(6712)', '(038)-(490)-(0865)', '(048)-(378)-(6073)', 'Yaseen@ananzi.co.za', '6'),
('7205020213082', 'Leesha', 'Phindiso', 'P O Box 6393998 Highveld', '0169', '(059)-(183)-(2997)', '(089)-(604)-(9637)', '(098)-(864)-(0585)', 'Leesha@lantic.net', '6'),
('7205120917082', 'Richard ', 'Banga', '', '', '(071)-(497)-(1338)', '(078)-(167)-(3492)', '(033)-(900)-(5511)', 'Richard @gmail.com', '6'),
('7208135565087', 'Thulani', 'Khabo', '18 Walala  st Langa Capetown', '7730', '(084)-(641)-(2424)', '(021)-(081)-(2418)', '(021)-(419)-(8200)', 'thulas@yahoo.com', '2'),
('7212170290085', 'Daniel ', 'Buissinne', '869 Van Essche Place Moreletapark', '0181', '(092)-(217)-(0918)', '(063)-(565)-(0385)', '(042)-(860)-(9046)', 'Daniel @work.co.za', '4'),
('7303120569085', 'Letsoni ', 'Tshabalala', 'P O Box 39825 Chuenespoort', '795', '(095)-(467)-(4481)', '(046)-(282)-(2908)', '(067)-(239)-(4674)', 'Letsoni @gmail.com', '6'),
('7306050161086', 'Kishan', 'Masala', '129 Himalaya Street Shallcross', '9093', '(038)-(200)-(0327)', '(013)-(149)-(3803)', '(098)-(716)-(3189)', '', '6'),
('7308135565087', 'Thulani', 'Khabo', '18 Walala  st Langa Capetown', '7730', '(084)-(641)-(2424)', '(021)-(081)-(2418)', '(021)-(419)-(8200)', 'thulas@yahoo.com', '3'),
('730823030086', 'Ngwagu ', 'Horwell', 'Private Bag X1398 Zeerust', '2865', '(013)-(149)-(9853)', '(085)-(637)-(0929)', '(080)-(598)-(9701)', 'Ngwagu @gmail.com', '3'),
('7309060944088', 'Paul ', 'Mongake', 'P O Box 53921 Durban', '9000', '(043)-(375)-(4248)', '(062)-(974)-(8272)', '(035)-(824)-(6441)', 'Paul @netcare.co.za', '5'),
('7312050486084', 'Matthew ', 'Makaleng', '90398/9 Bernina Place Extension 9 Lenasia South', '1829', '(079)-(285)-(3410)', '(095)-(557)-(1594)', '(085)-(939)-(2450)', 'Matthew @sci-bono.co.za', '1'),
('7312170466084', 'Jesse', 'Retief', '35 Alamein Road Milnerton', '7991', '(085)-(627)-(0015)', '(029)-(644)-(4346)', '(084)-(576)-(1253)', '', '6'),
('7403250912088', 'Edmund', 'Ngobeni', 'P O Box 195539 Bracken Gardens', '1952', '(020)-(501)-(6292)', '(042)-(263)-(2986)', '(021)-(836)-(9118)', 'Edmund@gmail.com', '5'),
('740501094086', 'Mondli ', 'Mokwebo', '693 Block Dd Duduzane Avenue Soshanguve Block Dd', '0152', '(042)-(541)-(8345)', '(098)-(198)-(0264)', '(059)-(313)-(9812)', 'Mondli @dtep.co.3A', '6'),
('7408135565087', 'Sihle', 'Zuma', '109 Cresta drive Sea Point Capetown', '7725', '(078)-(900)-(1622)', '(021)-(742)-(8503)', '(021)-(111)-(4208)', 'sihlez@yahoo.com', '3'),
('7410130630081', 'Marc ', 'Maseng', '92 Speciosa Road Paradyskloof', '7600', '(074)-(268)-(8805)', '(036)-(772)-(8261)', '(042)-(857)-(2238)', '', '6'),
('7411170290083', 'Jaco ', 'Syrzysko', 'P O Box 939 Makonde', '989', '(029)-(598)-(4965)', '(055)-(404)-(1142)', '(059)-(137)-(3859)', 'Jaco @gmail.com', '5'),
('7412210788083', 'Botshelo', 'Bhagwan', 'P O Box 13909 Riverside', '1226', '(083)-(158)-(1537)', '(064)-(419)-(9203)', '(071)-(836)-(5216)', 'Botshelo@rmcs.co.za', '1'),
('7503060788083', 'Nasreen', 'Mbatha', '33 Ferreira Avenue Discovery', '1709', '(023)-(168)-(9987)', '(037)-(844)-(0506)', '(018)-(776)-(7405)', '', '6'),
('7505030416082', 'Nkululeko ', 'Ntumba', '6 Beacon Road Sunnyridge', '5201', '(095)-(590)-(4003)', '(098)-(649)-(7440)', '(074)-(370)-(5626)', '', '1'),
('7508135565087', 'Khehla ', 'Nyongwana', '15 Halala st Langa Capetown', '7785', '(078)-(564)-(8930)', '(021)-(456)-(7892)', '(021)-(235)-(6897)', 'khehla@gmail.com', '2'),
('7511030931085', 'Maria ', 'Shihlomulo', '15 Circle Road Capetown Table View', '7991', '(077)-(268)-(3062)', '(098)-(775)-(2736)', '(095)-(241)-(1257)', '', '6'),
('7512130745085', 'Jesse', 'Ntshabele', 'Posbus 21617\nHelderkruin\n1733', '', '(086)-(294)-(7002)', '(077)-(451)-(8545)', '(024)-(307)-(8564)', 'Jesse@aforbes.co.za', '1'),
('7602020209088', 'Baipidi', 'Van Der Walt', '906 Elmdor Marine Street Humewood', '6001', '(092)-(327)-(6127)', '(075)-(390)-(0726)', '(011)-(531)-(0381)', '', '1'),
('7609090369085', 'Warren ', 'Harri', 'Room 3 Main Avenue Cambridge', '5297', '(088)-(143)-(8865)', '(030)-(926)-(9697)', '(055)-(520)-(4285)', 'Warren @hotmail.co.uk', '6'),
('7609110201086', 'Magda', 'Dlamini', '16 Johan Heunis Cresent Rooi Rivier Rif George', '6529', '(015)-(698)-(1506)', '(038)-(807)-(8639)', '(050)-(502)-(2257)', '', '6'),
('7609240686081', 'Morifi ', 'Malungani', 'P O Box 18168 Hillbrow', '2038', '(063)-(403)-(2181)', '(089)-(254)-(7064)', '(025)-(141)-(2772)', 'Morifi @metroweb.co.za', '6'),
('7610250179087', 'Thipe ', 'Mogotlane', '1991 Tau Avenue Zone9 Seshego', '791', '(025)-(824)-(8997)', '(052)-(797)-(0138)', '(038)-(579)-(4751)', '', '6'),
('7701030854083', 'Hisham', 'Khumalo', 'Ministry Of Education P O Box 98 Mont Fleuri Mahe Seychelles', '0000', '(034)-(903)-(8843)', '(053)-(429)-(7016)', '(053)-(607)-(2503)', '', '1'),
('770124076088', 'Simphiwe ', 'Madia', 'Unit F9 Parksig Flats Durban Road Oakdale Lgd', '7530', '(063)-(218)-(0988)', '(044)-(609)-(6761)', '(031)-(738)-(9346)', 'Simphiwe @insuredoc.co.za', '1'),
('7701260528087', 'Thabiso ', 'Nhlapo', 'P O Box 1258 Kwadukuza', '9950', '(039)-(695)-(5181)', '(071)-(906)-(2145)', '(016)-(235)-(0244)', 'Thabiso @mtnloaded.co.za', '6'),
('7704070438085', 'Muhammad', 'Vaphi', '3 Waterbok Flat 15 Echo Road Pietermaritzburg', '3201', '(083)-(356)-(8330)', '(064)-(654)-(1713)', '(050)-(668)-(6969)', '', '6'),
('7705180627087', 'Alex ', 'Genge', 'P O Box 650 Phalaborwa', '1390', '(099)-(979)-(8403)', '(024)-(853)-(6016)', '(079)-(295)-(7384)', 'Alex @iafrica.com', '6'),
('7707250934088', 'Kholofelo', 'Oppermann', 'B590 Mpungushe Road Ntuzuma T/Ship Kwamashu', '9359', '(058)-(359)-(2454)', '(072)-(366)-(8536)', '(046)-(798)-(9651)', 'Kholofelo@polka.co.za', '6'),
('771109035087', 'Otsile', 'Mshaisa', 'PO Box 412\nBergbron\n1712', '', '(059)-(556)-(7736)', '(066)-(825)-(4805)', '(079)-(505)-(1278)', 'Otsile@gmail.com', '6'),
('7801120638083', 'Kishan', 'Loliwe', 'P O Box 6152 Tyger Valley', '7536', '(021)-(888)-(3611)', '(072)-(785)-(0060)', '(091)-(512)-(2395)', 'Kishan@iburst.co.za', '6'),
('7804050808083', 'Shaun ', 'Pinto', '26 Logan Avenue Highveld', '0157', '(016)-(163)-(4755)', '(061)-(563)-(5077)', '(042)-(992)-(0567)', '', '6'),
('7805110427084', 'Shephard ', 'Nukeri', '201 Balaton Court 19 Pietersen Avenue Hillbrow', '2001', '(018)-(524)-(2893)', '(072)-(865)-(9816)', '(098)-(299)-(2130)', 'Shephard @sttreses.co.za', '6'),
('780622020088', 'Nkosikhona ', 'Nkgapele', 'P O Box 1905 Ga-Kgapane', '0838', '(014)-(280)-(7521)', '(068)-(726)-(4642)', '(018)-(769)-(6044)', 'Nkosikhona @UNIGRAIN.CO.ZA', '6'),
('7808140304084', 'Mothupi ', 'Hlongwane', '162 Apollost Ext 1 Ennerdale', '1830', '(096)-(469)-(2849)', '(034)-(351)-(2068)', '(016)-(626)-(6881)', '', '5'),
('7808220226082', 'Norman ', 'Mokopi', '65 Terrace Road Bertrams', '2099', '(068)-(542)-(0106)', '(094)-(679)-(9848)', '(032)-(954)-(9116)', 'Norman @tekton.co.za', '5'),
('7809130240082', 'Akho', 'Mathobela', '6392 Extension 2 Kwaxuma', '1868', '(065)-(484)-(2893)', '(092)-(202)-(1828)', '(053)-(887)-(5123)', 'Akho@cometkitchens.co.za', '1'),
('7902150410084', 'Frans ', 'Sebate', '29 Naboomstraat\nWilropark\nRoodepoort\n1724', '', '(012)-(377)-(3292)', '(041)-(193)-(6531)', '(084)-(516)-(5478)', 'Frans @gmail.com', '6'),
('7906010195081', 'Richard ', 'Senabe', '28 Springbok Avenue Lime Acres', '8978', '(030)-(698)-(6143)', '(014)-(340)-(3335)', '(038)-(127)-(8356)', '', '6'),
('7907160124082', 'Phumzile ', 'Phiri', 'P O Box 191 Maraisburg', '1700', '(016)-(434)-(3543)', '(099)-(100)-(4080)', '(053)-(663)-(8466)', 'Phumzile @standardbank.co.za', '6'),
('7912110951087', 'Abdul ', 'Makuyi', 'P O Box 1959 Mondeor', '2178', '(093)-(136)-(6705)', '(074)-(250)-(1501)', '(015)-(592)-(9152)', 'Abdul @tracker.co.za', '5'),
('8004280354084', 'Matome ', 'Maharaj', '185639 Ext 12 Ikageng', '2539', '(028)-(471)-(3000)', '(031)-(344)-(0928)', '(029)-(396)-(1013)', '', '6'),
('8005030611082', 'Mduduzi', 'Linde', 'P O Box 55558 Northlands', '2116', '(071)-(253)-(3699)', '(046)-(362)-(4922)', '(017)-(540)-(5211)', 'Mduduzi@polosa.com', '1'),
('8006220732085', 'Wouter', 'Mlawuli', 'Qalakabusha Correctional Cen P/Bag X 20088 Empangeni', '3880', '(091)-(108)-(3776)', '(055)-(673)-(8727)', '(036)-(239)-(2030)', '', '1'),
('8008135565087', 'Snazo', 'Nkambule', '110 Loliwe st Nyanga Capetown', '7785', '(084)-(692)-(6141)', '(021)-(434)-(9211)', '(021)-(782)-(4000)', 'snazok@gmail.com', '2'),
('8008280468086', 'Sylvester ', 'Bhana', '19 Countess Avenue Windsor West', '2199', '(023)-(581)-(6674)', '(057)-(923)-(3664)', '(026)-(755)-(5182)', '', '6'),
('8009100659085', 'Hulisani ', 'Phakwago', '29 9Th Avenue Greymont', '2195', '(047)-(194)-(3209)', '(087)-(471)-(7649)', '(051)-(421)-(1092)', 'Hulisani @safeguardchem.co.za', '6'),
('8012160653084', 'Lucas', 'De Witt', 'P O Box 399 Mothotlung', '0268', '(098)-(560)-(9590)', '(062)-(911)-(0638)', '(043)-(869)-(2838)', 'Lucas@gmail.com', '6'),
('8101060996085', 'Nkosinathi ', 'Laka', '999 Smith Avenue Room 219 Vister View Durban', '9001', '(052)-(272)-(5690)', '(092)-(514)-(9829)', '(096)-(505)-(4294)', '', '1'),
('8103140774084', 'Wendy ', 'Govender', 'P O Box 1526 Mahikeng', '2795', '(099)-(842)-(7664)', '(021)-(427)-(1477)', '(059)-(648)-(7824)', 'Wendy @gmail.com', '6'),
('8104260177081', 'Ntsakisi ', 'Rudolph', '392 Mashilwane Avenue Tladi', '1868', '(092)-(510)-(9664)', '(015)-(960)-(5135)', '(026)-(259)-(7316)', '', '5'),
('8105100593086', 'Sean', 'Lutrin', '205 Monaco 213 Troye Mucklenuek Pretoria', '0002', '(036)-(820)-(5625)', '(077)-(498)-(0110)', '(078)-(602)-(0683)', 'Sean@unisa.ac.za', '6'),
('8108135565087', 'Jordan', 'Dube', '12 Nyandeni street Makhaza Capetown', '7785', '(063)-(411)-(6223)', '(021)-(624)-(3741)', '(021)-(474)-(8990)', 'jdube@yahoo.com', '3'),
('820305040087', 'William', 'Sifile', '52 Rusticana Generaal Beyers Avenue Pentagonpark', '9301', '(016)-(351)-(4853)', '(049)-(384)-(4261)', '(047)-(198)-(7411)', 'William@sabc.co.za', '1'),
('82032206087', 'Wouter', 'Burger', '2119 Tlhapi Avenue Cloverdene', '1513', '(085)-(927)-(1284)', '(087)-(284)-(9774)', '(062)-(400)-(2276)', '', '6'),
('8208135565087', 'Khaya', 'Mendu', '113 Elliot street', '7785', NULL, NULL, NULL, NULL, NULL),
('8209140103086', 'Jan ', 'Lesolisa', '116 SELBOURNE STREET PAROW', '', '(046)-(368)-(6698)', '(065)-(497)-(3627)', '(034)-(681)-(8982)', '', '6'),
('8209260885087', 'Senyelo ', 'Koopman', '566 Buccaneer Avenue Elarduspark', '0181', '(080)-(949)-(5827)', '(078)-(208)-(7323)', '(057)-(235)-(6325)', 'Senyelo @mweb.co.za', '6'),
('8210240595083', 'Adrienne', 'Dambuza', '16 Forsyth street\nNoordheuwel\nKrugersdorp', '', '(066)-(408)-(9003)', '(067)-(200)-(3820)', '(089)-(724)-(4226)', 'Adrienne@deomar.com', '6'),
('8301170304085', 'Adrienne', 'Grobler', '295 Marine Street 33 Savanay Bluff', '9052', '(088)-(787)-(8494)', '(030)-(319)-(5350)', '(081)-(967)-(3959)', '', '6'),
('8306110412083', 'Saegan', 'Louw', '16 Villion Avenue De Zoete Inval Paarl', '7696', '(014)-(268)-(6402)', '(076)-(359)-(4675)', '(012)-(489)-(5787)', '', '6'),
('8308135565087', 'Loyd', 'Mkhatshwa', '113 harley st Gugulethu Capetown', '7785', '(073)-(142)-(9296)', '(021)-(943)-(2298)', '(021)-(742)-(9434)', 'loydm@yahoo.com', '1'),
('8309040682084', 'Lufuno', 'Soare', '398 Encore,Cresent Glades Cresent Glades Patchouli Cresent Noordwyk', '1687', '(098)-(178)-(2313)', '(060)-(367)-(2850)', '(029)-(549)-(7105)', 'Lufuno@telkomsa.net', '6'),
('8406270311082', 'Lunghile ', 'Malatji', '9 Sarie Marias Avenue Pellissier', '9301', '(022)-(953)-(2921)', '(086)-(953)-(7201)', '(068)-(507)-(8208)', 'Lunghile @mtnloaded.co.za', '6'),
('8407030360083', 'Sumitra', 'Ngcobo', '19 Eileen Court Kimberley', '8301', '(018)-(921)-(4507)', '(020)-(820)-(6391)', '(066)-(229)-(7179)', '', '1'),
('8408135565087', 'Sihle', 'Zuma', '109 Cresta drive Sea Point Capetown', '7725', '(078)-(900)-(1622)', '(021)-(742)-(8503)', '(021)-(111)-(4208)', 'sihlez@yahoo.com', ''),
('8409280542088', 'Leesha', 'Madisha', '1529 Khakhu Avenue Daveyton', '1520', '(099)-(817)-(9127)', '(051)-(980)-(3553)', '(058)-(120)-(3164)', 'Leesha@envisionliving.co.za', '6'),
('8501030560088', 'Calvin', 'Mpatane', '305 Taaiboshof 200 Kraai Avenue Kwaggasrand', '0183', '(050)-(372)-(2630)', '(070)-(292)-(7146)', '(075)-(940)-(0292)', 'Calvin@FANEWS.CO.ZA', '5'),
('8501270465083', 'Nompilo ', 'Ndaba', 'P O Box 200 Gompies', '0631', '(047)-(479)-(6562)', '(091)-(619)-(0629)', '(051)-(914)-(1739)', 'Nompilo @ens.co.za', '1'),
('8502060290083', 'Amukelani ', 'Naick', 'P O Box 33 Muizenberg', '7950', '(027)-(644)-(5375)', '(027)-(496)-(8846)', '(051)-(695)-(2281)', 'Amukelani @rbiworld.co.za', '6'),
('8504060165087', 'Brian ', 'Nkatu', 'P O Box 2396 Makonde', '989', '(067)-(357)-(0493)', '(068)-(204)-(6022)', '(068)-(263)-(5896)', '', '6'),
('8506270616083', 'Piet', 'Mynhardt', '20 Tweevingers Avenue Danville Ext 3', '0183', '(090)-(151)-(5877)', '(075)-(183)-(2735)', '(082)-(715)-(5796)', '', '5'),
('8508060640084', 'Neliswa', 'Kunene', 'Mondeor, Columbine Ave, Mondeor Gardens, Unit 2039 Mondeor', '2091', '(092)-(381)-(4333)', '(020)-(940)-(0947)', '(016)-(197)-(5363)', 'Neliswa@anchor.co.za', '1'),
('8508170901082', 'Ntotole ', 'Mbung', 'Lower Germiston Road Room 163 Rosherville', '2099', '(037)-(309)-(8439)', '(059)-(431)-(0292)', '(038)-(650)-(8375)', 'Ntotole @yahoo.com', '6'),
('851123068082', 'Mongezi', 'Makhale', '839 Gauntlet Close Ormonde View', '2091', '(073)-(645)-(3807)', '(089)-(557)-(0499)', '(014)-(920)-(3508)', 'Mongezi@devoslicharus.co.za', '6'),
('8511250864088', 'Mxoleleni ', 'Burrows', 'P O Box 39892 Driekop', '1129', '(074)-(541)-(5335)', '(097)-(244)-(9876)', '(077)-(684)-(3321)', '', '6'),
('8512050670085', 'Tlou ', 'Ramushi', 'P O Box 58390 Durban', '9000', '(097)-(245)-(3972)', '(094)-(667)-(5578)', '(042)-(476)-(5212)', 'Tlou @gmail.com', '6'),
('8608135565087', 'Thabo', 'Motaung', '102 Orlens drive Dube Soweto Johhanersburg', '1255', '(062)-(444)-(9999)', '(011)-(568)-(9201)', '(011)-(369)-(8522)', 'motaungt@yahoo.com', '2'),
('8608135565088', 'Sibusiso', 'Madondo', '12 nerissa heights', '7788', '(063)-(568)-(6000)', '(021)-(568)-(9201)', '(021)-(369)-(8522)', 'sbutana@gmail.com', ''),
('8610120779086', 'Promise ', 'Mdluli', '308 Brook Avenue Menlo Park', '0081', '(041)-(990)-(0895)', '(056)-(978)-(3356)', '(014)-(332)-(9294)', 'Promise @polka.co.za', '5'),
('8612040918085', 'Tony ', 'Mgidi', '69639 Ext 3 Winterveldt', '0198', '(035)-(650)-(2366)', '(011)-(286)-(0669)', '(084)-(492)-(1875)', '', '1'),
('8703170594084', 'Zukisa', 'Sifile', 'VygieAvenue 9 Denne-Oord', '6529', '(041)-(600)-(2790)', '(016)-(764)-(1354)', '(017)-(238)-(7499)', 'Zukisa@yahoo.com', '1'),
('8703280117084', 'Petrus ', 'Naidoo', '5699 Moilao Street Kagiso 2', '1759', '(043)-(229)-(9780)', '(057)-(762)-(5347)', '(035)-(325)-(5373)', '', '1'),
('8708135565087', 'Norman', 'Kim', '15 galile street ', '1255', '111221331112', '125663333333', '21232132111', 'norman@yahoo.com', '4'),
('8709250986088', 'Lungiswa ', 'Van Niekerk', 'George Post Office 95 York Avenue George', '6529', '(054)-(469)-(9968)', '(048)-(829)-(3794)', '(020)-(524)-(6990)', 'Lungiswa @unisa.ac.za', '1'),
('8802220958083', 'Tshepo ', 'Pillay', 'Gonubie Palms Unit 230 Gonubie Palms East London Gonubie', '5257', '(014)-(327)-(1263)', '(045)-(284)-(0421)', '(048)-(203)-(7752)', '', '1'),
('8807130418086', 'Muteba ', 'Phiri', '15 Sekwinya Saulsville', '0125', '(096)-(689)-(1484)', '(088)-(402)-(4873)', '(086)-(718)-(9175)', '', '5'),
('8807180866088', 'Mabokale ', 'Lephalala', '30 Nederburg Avenue Royldene', '8301', '(032)-(122)-(6306)', '(039)-(763)-(5593)', '(094)-(341)-(3768)', 'Mabokale @ananzi.co.za', '6'),
('8808135565087', 'Joshua', 'Jimmy', '18 Lowly street. Kennelworth Capetown ', '7760', '(073)-(587)-(9962)', '(021)-156)-(8929)', '(021)-826)-(1949)', 'jimmyj@yahoo.com', '4'),
('8810240788083', 'Lee-Anne ', 'Zwakala', '3986A 3Rd Ave Fairland', '2170', '(048)-(933)-(5332)', '(038)-(769)-(0898)', '(078)-(990)-(7224)', 'Lee-Anne @wastegiant.co.za', '6'),
('8902010959088', 'Job', 'Spengane', '5 Rustenburg Dr Bellville', '7530', '(015)-(912)-(5678)', '(064)-(925)-(4571)', '(013)-(957)-(1818)', '', '6'),
('8906120948084', 'Ivo ', 'Naidoo', 'China Construction Bank 5Th Floor, 95 Grayston Street Sandhurst', '2196', '(084)-(418)-(7519)', '(050)-(141)-(2503)', '(052)-(805)-(9023)', 'Ivo @sciohealth4life.co.za', '3'),
('8906230122083', 'Tiishetjo', 'Makuwa', 'P O Box 2398 Nagina', '3609', '(020)-(428)-(1672)', '(090)-(253)-(4879)', '(053)-(535)-(9161)', 'Tiishetjo@lantic.net', '5'),
('8907090202087', 'Andre ', 'Letsoele', '23939 Polaris Avenue Waterkloof Ridge', '0181', '(028)-(531)-(2410)', '(025)-(261)-(1356)', '(042)-(352)-(6588)', '', '1'),
('8907280730087', 'Moeketsi ', 'Chauke', 'P O Box 868 Port Edward', '9295', '(039)-(823)-(4035)', '(043)-(924)-(9730)', '(027)-(345)-(4048)', 'Moeketsi @mweb.co.za', '6'),
('8908135565089', 'John', 'Nkambule', '113 Manqoba st Soweto', '8944', '', '', '', '', '1'),
('8908220122088', 'Andre ', 'Schoeman', 'PO Bos 535\nHONEYDEW\n2040', '', '(066)-(489)-(8662)', '(023)-(794)-(9855)', '(057)-(850)-(4856)', 'Andre @work.co.za', '6'),
('9003280235085', 'Alex ', 'Mkhonto', '15 Beaufort Place 39 Beaufort Avenue Goodwood Park', '7960', '(097)-(965)-(1602)', '(061)-(129)-(0277)', '(029)-(270)-(8897)', '', '6'),
('9010200680087', 'Mothupi ', 'Xulubana', 'P O Box 3912 Pretoria', '0001', '(018)-(867)-(8067)', '(065)-(848)-(7223)', '(039)-(256)-(2775)', 'Mothupi @telkomsa.net', '6'),
('9012110306084', 'Thapelo ', 'Mokoena', 'C18239 Umsunduzi Road Kwamashu', '9359', '(055)-(900)-(9493)', '(053)-(715)-(3414)', '(043)-(775)-(4966)', 'Thapelo @gmail.com', '6'),
('9103060340082', 'Mpho ', 'Hleza', '9953 Motloung Avenue Dobsonville Ext 3', '1863', '(046)-(303)-(4847)', '(026)-(340)-(8970)', '(083)-(339)-(7282)', '', '1'),
('9108135565087', 'Jabu', 'Mangena', 'bbbbn', '8944', '', '', '', '', '1'),
('9109140754088', 'Mashamokwena ', 'Van Vuuren', '995 30Th Avenue Villieria', '0186', '(072)-(432)-(4094)', '(099)-(338)-(6528)', '(097)-(273)-(6866)', 'Mashamokwena @mweb.co.za', '1'),
('9109150355087', 'Kgabo ', 'Le Masson', 'Unit 20 Monte Rosa Complex 293 Moerdyk Avenue Kyalami Hills Ext 5', '1689', '(041)-(515)-(2513)', '(029)-(565)-(8731)', '(019)-(579)-(1839)', '', '1'),
('9109270875081', 'Mavis', 'Khumalo', 'Mervelous Cyberworld 62C President Avenue Gemiston Georgetown', '1901', '(040)-(156)-(9201)', '(077)-(873)-(7623)', '(054)-(881)-(0606)', 'Mavis@telkomsa.net', '5'),
('9110230494081', 'Nonjabulo', 'Horwell', '39 Rose Avenue Florida Ext', '1709', '(068)-(334)-(6801)', '(031)-(273)-(2013)', '(081)-(360)-(2706)', 'Nonjabulo@stteresas.co.za', '6'),
('9202010527088', 'Nonhlanhla ', 'Rusch', '28 Moshoeshe Avenue Zone 11 Sebokeng', '1983', '(067)-(928)-(0725)', '(041)-(969)-(2681)', '(096)-(913)-(5807)', 'Nonhlanhla @iburst.co.za', '6'),
('9202050898085', 'Quentin', 'Lesolisa', '3986 Vukani Complex North Riding Ext 1', '2169', '(046)-(760)-(0774)', '(026)-(862)-(6096)', '(058)-(898)-(7227)', 'Quentin@vodamail.co.za', '6'),
('9204240981082', 'Emmanuel', 'Tyhalithi', 'PO Box 3154\nBedfordview\n2008', '', '(014)-(840)-(4566)', '(056)-(747)-(9182)', '(044)-(582)-(9841)', 'Emmanuel@ittesa.co.za', '6'),
('9206290516354', 'Nandipha', 'Hlezi', '18 Coates street Somerset worst  Capetown ', '7791', '0634721945', '0219181045', '0211823470', 'hlezin@yahoo.com', '3'),
('9208135565087', 'John ', 'Kanani', '18 Zimbali street Gugulethu Capetown', '7750', '(083)-(562)-(1230)', '(021)-(456)-(8974)', '(021)-(894)-(5632)', 'jkanani@gmail.com', '4'),
('9210110388086', 'Itumeleng ', 'Maphoto', '11 RUTSTEIN AVENUE BEN KAMMA', '', '(054)-(223)-(8867)', '(020)-(761)-(3234)', '(099)-(788)-(3703)', '', '6'),
('9210160769082', 'Dinkonyane ', 'Monyela', '62 Major Road Clayville East Ext 39 Olifantsfontein', '1666', '(089)-(394)-(7495)', '(025)-(803)-(4678)', '(050)-(262)-(0275)', 'Dinkonyane @lantic.net', '6'),
('9212120894085', 'Sandile ', 'Ntshabele', '395 President Avenue Mutual N Federal Johhanesburg Johannesburg', '2001', '(046)-(662)-(2634)', '(060)-(733)-(8353)', '(057)-(827)-(8320)', '', '6'),
('9304280349087', 'Mmasaka ', 'Mkhonza', 'P O Box 626 Mokopane', '0600', '(061)-(236)-(9351)', '(091)-(988)-(7525)', '(044)-(268)-(8826)', 'Mmasaka @gmail.com', '5'),
('9307040620082', 'Reinhard', 'Mabowa', '163983 Thabanchu Avenue Kagiso Ext 12', '1759', '(038)-(340)-(0978)', '(013)-(283)-(8123)', '(024)-(589)-(5525)', '', '6'),
('9311100557082', 'Thilivhali ', 'Ramrathan', 'P O Box 1398 Thulamahashe', '1365', '(028)-(200)-(9583)', '(081)-(608)-(4835)', '(042)-(913)-(9140)', 'Thilivhali @mweb.co.za', '5'),
('9403280679088', 'Daniel ', 'Khoza', 'P O Box 20951 Spruitview', '1925', '(058)-(187)-(2165)', '(056)-(753)-(1230)', '(091)-(845)-(3880)', 'Daniel @vodamail.co.za', '5'),
('9405050739085', 'Hendrik ', 'Makama', '1399 Danie Theron Avenue Pretoria North', '0182', '(093)-(571)-(7843)', '(031)-(205)-(5814)', '(046)-(268)-(9024)', '', '5'),
('9408100658087', 'Lonwabo', 'Tandwa', '398 Florance 263 Von Willich Die Hoewes', '0157', '(073)-(654)-(9133)', '(084)-(973)-(5762)', '(011)-(179)-(9743)', 'Lonwabo@mikropul.co.za', '6'),
('9408135565087', '12345', '124566', '', '', '', '', '', '', '1'),
('9411220643082', 'Brandon ', 'Van Rooyen', 'P O Box 1966 Mathibestad', '918', '(078)-(373)-(4313)', '(073)-(645)-(2029)', '(073)-(841)-(5321)', '', '4'),
('9412180136082', 'Daniel ', 'Kholophe', 'P O Box 339 Nebo', '7859', '(032)-(577)-(2930)', '(079)-(365)-(1248)', '(037)-(517)-(8140)', 'Daniel @kmcs.co.za', '5'),
('9502240191083', 'Surendran', 'Mkhatswa', '93985 Ext 11 Tembisa', '1632', '(030)-(568)-(2595)', '(042)-(832)-(7961)', '(023)-(789)-(4089)', '', '6'),
('9503010970083', 'Dolly ', 'Mogano', 'F 602 Umlazi', '9066', '(092)-(422)-(8994)', '(039)-(941)-(5580)', '(093)-(272)-(6077)', 'Dolly @telkomsa.net', '6'),
('950310057086', 'Njabulo ', 'Bouwer', 'Edgemead Monte Vista Library Edgemead Street Edgemead', '7991', '(021)-(629)-(1008)', '(010)-(844)-(7197)', '(078)-(213)-(5281)', 'Njabulo @iafrica.com', '5'),
('9504060158084', 'Cecil ', 'Koopman', '2363 Vuma Avenue Phomolong', '1632', '(020)-(848)-(4437)', '(022)-(512)-(6633)', '(096)-(555)-(1765)', 'Cecil @telkomsa.net', '6'),
('9509040129082', 'Nomfundo ', 'Labuschagne', 'P O Box 195398 Madadeni', '2951', '(090)-(760)-(8625)', '(013)-(539)-(6148)', '(055)-(539)-(1341)', 'Nomfundo @gmail.com', '1'),
('9601060188087', 'Jade ', 'Raolane', '205 Balaton Court 19 Petersien & Twist Avenue Hillbrow', '2001', '(036)-(625)-(2350)', '(018)-(847)-(2687)', '(066)-(720)-(9567)', '', '6'),
('960124047081', 'Phatte ', 'Yeki', 'Lot 225 Ohlange', '9309', '(025)-(393)-(9557)', '(071)-(791)-(1188)', '(074)-(192)-(3674)', '', '6'),
('9606270939081', 'Ntombekaya', 'Lubbe', '3039 Transburgr 308 Jacob Marais Avenue Pretoria', '0002', '(047)-(140)-(2743)', '(019)-(588)-(3416)', '(011)-(325)-(5291)', 'Ntombekaya@eject.co.za', '6'),
('9608280617083', 'Mamahooe ', 'Gumbi', '16 Speldekussinglaan\nRoodekrans', '', '(026)-(231)-(1537)', '(045)-(484)-(8031)', '(095)-(373)-(1093)', '', '6'),
('9609270686085', 'Charl ', 'Wamala', 'P O Box 52056 Wierdapark', '199', '(090)-(380)-(6037)', '(063)-(856)-(5967)', '(049)-(919)-(1120)', 'Charl @olg.co.za', '5'),
('9611120247088', 'Bernhardt ', 'Japudi', '3191 Poelano Avenue Extension 9 Nellmapius', '0122', '(082)-(871)-(2600)', '(057)-(119)-(6902)', '(054)-(528)-(2516)', 'Bernhardt @gmail.com', '6'),
('9611150348082', 'Vuyokazi ', 'Eckstein', 'P O Box 939 Lydenburg', '1120', '(014)-(696)-(2799)', '(032)-(757)-(6380)', '(053)-(145)-(7835)', 'Vuyokazi @hotmail.com', '6'),
('9612070824088', 'Culnescia', 'Webb', 'Unit 50 Camargue Complex Kerner Close Lakeside', '7995', '(068)-(355)-(5947)', '(087)-(271)-(5135)', '(053)-(437)-(5969)', 'Culnescia@gmail.com', '1'),
('9701100285087', 'Moses', 'Maarman', '39 Corbett Crescent Avenue Westgate', '3201', '(010)-(809)-(4317)', '(065)-(470)-(4175)', '(021)-(931)-(1663)', 'Moses@mweb.co.za', '6'),
('9701100741082', 'Thipe ', 'Sibei', 'P O Box 9399 Braambos Military Base', '959', '(025)-(823)-(5885)', '(071)-(573)-(5389)', '(015)-(926)-(0923)', 'Thipe @edcon.co.za', '1'),
('9706130545082', 'Josaya ', 'Chauke', '12 Tweevingergras Danville', '0183', '(024)-(396)-(9177)', '(015)-(456)-(6491)', '(048)-(560)-(9024)', 'Josaya @gmail.com', '5'),
('9710010812081', 'Phakamani ', 'Owens', 'Shopware Office, Whitehills Junxion Office Park, Whitehills Blv, Lonehill Lonehi', '2191', '(067)-(697)-(9900)', '(091)-(519)-(4669)', '(094)-(115)-(0389)', 'Phakamani @gmail.com', '6'),
('9710230788081', 'Avela', 'Ketelo', '39801 Okapi Avenue Pennyville', '1809', '(083)-(610)-(7973)', '(055)-(878)-(3546)', '(051)-(405)-(0710)', '', '1'),
('9712150845081', 'Nomvula ', 'Mchunu', '139 Riverclose Camelia Avenue Lynnwood', '0081', '(024)-(240)-(7132)', '(090)-(943)-(7917)', '(063)-(230)-(3631)', '', '1'),
('9810260112082', 'Terrence ', 'Mafogo', '39823 Section P Mamelodi West', '0122', '(089)-(251)-(8210)', '(029)-(446)-(6180)', '(023)-(154)-(7680)', '', '1'),
('9811220178083', 'Hulisani ', 'Bethlehem', '21 Yvonne street\nHelderkruin', '', '(045)-(805)-(7907)', '(021)-(676)-(2572)', '(091)-(247)-(8904)', '', '1'),
('9901030534081', 'Thabelo ', 'Mabota', '9 Everlasting Avenue Unit 2 Trinity Place Primrose', '1901', '(097)-(574)-(6587)', '(099)-(549)-(5714)', '(024)-(765)-(4674)', 'Thabelo @telkomsa.net', '6'),
('9902110250084', 'Nkhetheni ', 'Maluleke', 'P O Box 1212 Kabokweni', '1295', '(058)-(917)-(9313)', '(089)-(913)-(4939)', '(034)-(415)-(6398)', '', '6'),
('9907280115082', 'Paul ', 'Phakathi', '11 Rutstein Avenue Ben Kamma', '6025', '(056)-(331)-(7137)', '(058)-(553)-(6363)', '(014)-(552)-(0288)', '', '6'),
('9908260536088', 'Kaone ', 'Mohammed', 'P O Box 3089 Knysna', '6570', '(092)-(559)-(8591)', '(057)-(591)-(8358)', '(014)-(633)-(0187)', '', '6'),
('9910060946082', 'Christopher', 'Mitchel', '9 Albatross Way Thornton', '7960', '(092)-(948)-(3804)', '(013)-(862)-(7848)', '(027)-(728)-(0178)', '', '6'),
('9910120124085', 'Emil', 'Venter', 'P O Box 63639 Weltevredenpark', '1715', '(023)-(574)-(1636)', '(061)-(382)-(4027)', '(065)-(592)-(8358)', 'Emil@transnet.net', '1'),
('9911090794084', 'Lerato ', 'Gaanakgomo', 'P O Box 30099 Temba', '907', '(052)-(475)-(7713)', '(029)-(447)-(7819)', '(058)-(710)-(9574)', 'Lerato @gplat.co.za', '1'),
('991212074083', 'Ayanda', 'Mukwevho', '11 MAYIBUYE HOUSE NO 19326 JOBURG IVORY PARK EXT 12', '', '(017)-(948)-(0516)', '(035)-(341)-(8986)', '(015)-(469)-(1082)', 'Ayanda@mweb.co.za', '6');

-- --------------------------------------------------------

--
-- Table structure for table `invoice`
--

CREATE TABLE `invoice` (
  `invNum` varchar(10) NOT NULL,
  `inv_date` date NOT NULL,
  `client_id_num` varchar(13) NOT NULL,
  `consultation` decimal(7,2) NOT NULL,
  `status` varchar(10) NOT NULL DEFAULT 'unpaid'
) ENGINE=InnoDB DEFAULT CHARSET=latin1;

--
-- Dumping data for table `invoice`
--

INSERT INTO `invoice` (`invNum`, `inv_date`, `client_id_num`, `consultation`, `status`) VALUES
('', '2019-11-27', '', '0.00', 'unpaid'),
('INV0001', '2010-01-28', '2012190284086', '300.00', 'paid'),
('INV0002', '2010-04-07', '7309060944088', '0.00', 'unpaid'),
('INV0003', '2010-05-06', '9003280235085', '0.00', 'unpaid'),
('INV0004', '2010-07-10', '7212170290085', '300.00', 'paid'),
('INV0005', '2010-07-19', '8807130418086', '300.00', 'unpaid'),
('INV0006', '2010-08-01', '4708110702087', '300.00', 'unpaid'),
('INV0007', '2010-08-05', '8610120779086', '300.00', 'unpaid'),
('INV0008', '2010-08-13', '9003280235085', '300.00', 'unpaid'),
('INV0009', '2010-12-22', '4104200140083', '0.00', 'unpaid'),
('INV0010', '2011-01-01', '650402056081', '320.00', 'unpaid'),
('INV0011', '2011-01-06', '5212190473083', '0.00', 'unpaid'),
('INV0012', '2011-01-11', '2703080994088', '0.00', 'unpaid'),
('INV0013', '2011-01-11', '2011240231088', '0.00', 'unpaid'),
('INV0014', '2011-01-14', '2808250506083', '320.00', 'unpaid'),
('INV0015', '2011-01-16', '4804180882084', '320.00', 'unpaid'),
('INV0016', '2011-01-17', '2008190919082', '0.00', 'unpaid'),
('INV0017', '2011-01-21', '8612040918085', '0.00', 'unpaid'),
('INV0018', '2011-01-28', '5008230824086', '0.00', 'unpaid'),
('INV0019', '2011-02-05', '9202010527088', '320.00', 'unpaid'),
('INV0020', '2011-02-05', '1512140600088', '320.00', 'unpaid'),
('INV0021', '2011-02-10', '2809270394087', '0.00', 'unpaid'),
('INV0022', '2011-02-19', '4003100886084', '0.00', 'unpaid'),
('INV0023', '2011-02-26', '6204260308088', '0.00', 'unpaid'),
('INV0024', '2011-03-02', '7902150410084', '320.00', 'unpaid'),
('INV0025', '2011-03-04', '2007100717086', '0.00', 'unpaid'),
('INV0026', '2011-03-05', '740501094086', '0.00', 'unpaid'),
('INV0027', '2011-03-06', '630710012087', '320.00', 'unpaid'),
('INV0028', '2011-03-10', '9710230788081', '320.00', 'unpaid'),
('INV0029', '2011-03-14', '1908150375082', '320.00', 'unpaid'),
('INV0030', '2011-03-17', '6607010903082', '0.00', 'unpaid'),
('INV0031', '2011-03-18', '4102140915085', '0.00', 'unpaid'),
('INV0032', '2011-03-18', '7002130927081', '0.00', 'unpaid'),
('INV0033', '2011-04-04', '4812160561083', '0.00', 'unpaid'),
('INV0034', '2011-04-08', '7312050486084', '320.00', 'unpaid'),
('INV0035', '2011-04-10', '8902010959088', '0.00', 'unpaid'),
('INV0036', '2011-04-11', '531127094084', '0.00', 'unpaid'),
('INV0037', '2011-04-12', '8511250864088', '0.00', 'unpaid'),
('INV0038', '2011-04-26', '7309060944088', '0.00', 'unpaid'),
('INV0039', '2011-05-03', '8009100659085', '320.00', 'unpaid'),
('INV0040', '2011-05-09', '5308230754082', '0.00', 'unpaid'),
('INV0041', '2011-05-18', '9411220643082', '0.00', 'unpaid'),
('INV0042', '2011-05-20', '5809250392081', '0.00', 'unpaid'),
('INV0043', '2011-05-28', '5507140417085', '320.00', 'unpaid'),
('INV0044', '2011-06-08', '4905080506087', '0.00', 'unpaid'),
('INV0045', '2011-06-09', '4111180106083', '0.00', 'unpaid'),
('INV0046', '2011-06-14', '1604070370087', '0.00', 'unpaid'),
('INV0047', '2011-06-24', '1105280586088', '0.00', 'unpaid'),
('INV0048', '2011-06-25', '4708110702087', '320.00', 'unpaid'),
('INV0049', '2011-06-26', '9706130545082', '0.00', 'unpaid'),
('INV0050', '2011-06-27', '1311240354085', '320.00', 'unpaid'),
('INV0051', '2011-07-04', '9710230788081', '320.00', 'unpaid'),
('INV0052', '2011-07-06', '2811170937087', '0.00', 'unpaid'),
('INV0053', '2011-07-11', '4003100886084', '320.00', 'unpaid'),
('INV0054', '2011-07-11', '5308230754082', '0.00', 'unpaid'),
('INV0055', '2011-07-13', '5510220761085', '0.00', 'unpaid'),
('INV0056', '2011-07-14', '7804050808083', '0.00', 'unpaid'),
('INV0057', '2011-08-08', '2802230303081', '0.00', 'unpaid'),
('INV0058', '2011-08-08', '2709110853083', '320.00', 'unpaid'),
('INV0059', '2011-08-22', '9810260112082', '0.00', 'unpaid'),
('INV0060', '2011-08-27', '9204240981082', '320.00', 'unpaid'),
('INV0061', '2011-09-09', '4512030696084', '320.00', 'unpaid'),
('INV0062', '2011-09-21', '4111180106083', '0.00', 'unpaid'),
('INV0063', '2011-09-22', '8101060996085', '0.00', 'unpaid'),
('INV0064', '2011-10-07', '2210130900088', '320.00', 'unpaid'),
('INV0065', '2011-10-09', '3708100193088', '0.00', 'unpaid'),
('INV0066', '2011-10-20', '1007230144085', '0.00', 'unpaid'),
('INV0067', '2011-10-25', '6509220788082', '320.00', 'unpaid'),
('INV0068', '2011-10-26', '400422050085', '320.00', 'unpaid'),
('INV0069', '2011-11-13', '491010022086', '0.00', 'unpaid'),
('INV0070', '2011-11-15', '740501094086', '0.00', 'unpaid'),
('INV0071', '2011-11-21', '6507120107086', '0.00', 'unpaid'),
('INV0072', '2011-11-27', '8504060165087', '320.00', 'unpaid'),
('INV0073', '2011-11-28', '3911070339085', '0.00', 'unpaid'),
('INV0074', '2011-12-02', '7701030854083', '320.00', 'unpaid'),
('INV0075', '2011-12-04', '4906270884086', '320.00', 'unpaid'),
('INV0076', '2011-12-06', '7707250934088', '0.00', 'unpaid'),
('INV0077', '2011-12-09', '5703210321082', '0.00', 'unpaid'),
('INV0078', '2011-12-10', '4812160561083', '320.00', 'unpaid'),
('INV0079', '2011-12-16', '8908220122088', '0.00', 'unpaid'),
('INV0080', '2012-01-01', '4708110702087', '0.00', 'unpaid'),
('INV0081', '2012-01-02', '780622020088', '0.00', 'unpaid'),
('INV0082', '2012-01-06', '1205040963082', '350.00', 'unpaid'),
('INV0083', '2012-01-07', '1003280163086', '0.00', 'unpaid'),
('INV0084', '2012-01-19', '451201089085', '0.00', 'unpaid'),
('INV0085', '2012-01-20', '7808140304084', '350.00', 'unpaid'),
('INV0086', '2012-01-20', '8807130418086', '350.00', 'unpaid'),
('INV0087', '2012-01-22', '82032206087', '350.00', 'unpaid'),
('INV0088', '2012-01-27', '290611026087', '350.00', 'unpaid'),
('INV0089', '2012-01-28', '3503100678084', '350.00', 'unpaid'),
('INV0090', '2012-02-01', '3004230801084', '350.00', 'unpaid'),
('INV0091', '2012-02-02', '7902150410084', '0.00', 'unpaid'),
('INV0092', '2012-02-04', '1205040963082', '0.00', 'unpaid'),
('INV0093', '2012-02-12', '1512140600088', '0.00', 'unpaid'),
('INV0094', '2012-02-13', '5805130165085', '0.00', 'unpaid'),
('INV0095', '2012-02-14', '7312170466084', '350.00', 'unpaid'),
('INV0096', '2012-02-19', '2005130271081', '0.00', 'unpaid'),
('INV0097', '2012-02-20', '2012200849081', '350.00', 'unpaid'),
('INV0098', '2012-02-25', '2809260609084', '350.00', 'unpaid'),
('INV0099', '2012-02-26', '4102140915085', '0.00', 'unpaid'),
('INV0100', '2012-02-27', '6803160923084', '0.00', 'unpaid'),
('INV01000', '2015-09-11', '9212120894085', '450.00', 'unpaid'),
('INV01001', '2015-09-12', '7203030169082', '0.00', 'unpaid'),
('INV01002', '2015-09-12', '1107230618084', '0.00', 'unpaid'),
('INV01003', '2015-09-19', '2709110853083', '450.00', 'unpaid'),
('INV01004', '2015-09-19', '9412180136082', '450.00', 'unpaid'),
('INV01005', '2015-09-21', '2104030218083', '450.00', 'unpaid'),
('INV01006', '2015-09-24', '1709280678088', '450.00', 'unpaid'),
('INV01007', '2015-09-26', '8009100659085', '450.00', 'unpaid'),
('INV01008', '2015-09-27', '3505100334081', '0.00', 'unpaid'),
('INV01009', '2015-09-28', '7809130240082', '450.00', 'unpaid'),
('INV0101', '2012-03-04', '9412180136082', '0.00', 'unpaid'),
('INV01010', '2015-10-01', '2707140905083', '450.00', 'unpaid'),
('INV01011', '2015-10-02', '9908260536088', '0.00', 'unpaid'),
('INV01012', '2015-10-04', '820305040087', '450.00', 'unpaid'),
('INV01013', '2015-10-04', '2807090965085', '450.00', 'unpaid'),
('INV01014', '2015-10-08', '5805130165085', '450.00', 'unpaid'),
('INV01015', '2015-10-09', '9706130545082', '450.00', 'unpaid'),
('INV01016', '2015-10-13', '4911280960085', '0.00', 'unpaid'),
('INV01017', '2015-10-13', '9109140754088', '450.00', 'unpaid'),
('INV01018', '2015-10-14', '1003280163086', '0.00', 'unpaid'),
('INV01019', '2015-10-15', '7704070438085', '450.00', 'unpaid'),
('INV0102', '2012-03-07', '6204260308088', '0.00', 'unpaid'),
('INV01020', '2015-10-15', '9712150845081', '450.00', 'unpaid'),
('INV01021', '2015-10-16', '2611180135088', '450.00', 'unpaid'),
('INV01022', '2015-10-18', '8101060996085', '0.00', 'unpaid'),
('INV01023', '2015-10-19', '5510220761085', '0.00', 'unpaid'),
('INV01024', '2015-10-22', '4103240120082', '0.00', 'unpaid'),
('INV01025', '2015-10-22', '8504060165087', '0.00', 'unpaid'),
('INV01026', '2015-10-22', '3605040496081', '0.00', 'unpaid'),
('INV01027', '2015-10-23', '4110240825083', '0.00', 'unpaid'),
('INV01028', '2015-10-23', '8009100659085', '450.00', 'unpaid'),
('INV01029', '2015-10-28', '5809170914084', '0.00', 'unpaid'),
('INV0103', '2012-03-07', '7202270202087', '350.00', 'unpaid'),
('INV01030', '2015-10-28', '9202050898085', '0.00', 'unpaid'),
('INV01031', '2015-11-07', '6802050633083', '0.00', 'unpaid'),
('INV01032', '2015-11-08', '3605040496081', '450.00', 'unpaid'),
('INV01033', '2015-11-09', '5001110128088', '450.00', 'unpaid'),
('INV01034', '2015-11-09', '9202050898085', '450.00', 'unpaid'),
('INV01035', '2015-11-10', '341216047088', '450.00', 'unpaid'),
('INV01036', '2015-11-11', '8103140774084', '450.00', 'unpaid'),
('INV01037', '2015-11-12', '6607010903082', '0.00', 'unpaid'),
('INV01038', '2015-11-13', '8709250986088', '0.00', 'unpaid'),
('INV01039', '2015-11-13', '3410210326084', '0.00', 'unpaid'),
('INV0104', '2012-03-09', '1107230618084', '0.00', 'unpaid'),
('INV01040', '2015-11-14', '8709250986088', '450.00', 'unpaid'),
('INV01041', '2015-11-14', '3801170828084', '450.00', 'unpaid'),
('INV01042', '2015-11-15', '1501200671081', '0.00', 'unpaid'),
('INV01043', '2015-11-16', '1105280586088', '450.00', 'paid'),
('INV01044', '2015-11-17', '7701030854083', '450.00', 'unpaid'),
('INV01045', '2015-11-19', '1705180376087', '0.00', 'unpaid'),
('INV01046', '2015-11-19', '960124047081', '450.00', 'unpaid'),
('INV01047', '2015-11-22', '510523033088', '450.00', 'unpaid'),
('INV01048', '2015-11-22', '4512220543086', '0.00', 'unpaid'),
('INV01049', '2015-12-01', '9509040129082', '450.00', 'unpaid'),
('INV0105', '2012-03-12', '6404030447088', '0.00', 'unpaid'),
('INV01050', '2015-12-02', '1003280163086', '0.00', 'unpaid'),
('INV01051', '2015-12-04', '9910060946082', '0.00', 'unpaid'),
('INV01052', '2015-12-06', '521023092081', '0.00', 'unpaid'),
('INV01053', '2015-12-07', '7002130927081', '450.00', 'unpaid'),
('INV01054', '2015-12-09', '8807130418086', '450.00', 'unpaid'),
('INV01055', '2015-12-13', '1412130177086', '0.00', 'unpaid'),
('INV01056', '2015-12-14', '7312050486084', '450.00', 'unpaid'),
('INV01057', '2015-12-16', '6111040850088', '450.00', 'unpaid'),
('INV01058', '2015-12-16', '2009210740082', '450.00', 'unpaid'),
('INV01059', '2015-12-20', '3505100334081', '450.00', 'unpaid'),
('INV0106', '2012-03-12', '4508260675083', '0.00', 'unpaid'),
('INV01060', '2015-12-23', '7609240686081', '0.00', 'unpaid'),
('INV01061', '2015-12-24', '4512220543086', '450.00', 'unpaid'),
('INV01062', '2015-12-24', '2303030988083', '0.00', 'unpaid'),
('INV01063', '2015-12-25', '8612040918085', '450.00', 'unpaid'),
('INV01064', '2015-12-26', '4111180106083', '450.00', 'unpaid'),
('INV01065', '2016-01-02', '7503060788083', '0.00', 'unpaid'),
('INV01066', '2016-01-03', '9606270939081', '460.00', 'paid'),
('INV01067', '2016-01-04', '670305077081', '0.00', 'unpaid'),
('INV01068', '2016-01-06', '400422050085', '460.00', 'unpaid'),
('INV01069', '2016-01-08', '4509220879086', '0.00', 'unpaid'),
('INV0107', '2012-03-13', '2111130577081', '0.00', 'unpaid'),
('INV01070', '2016-01-08', '2802230303081', '460.00', 'unpaid'),
('INV01071', '2016-01-12', '5507140417085', '0.00', 'unpaid'),
('INV01072', '2016-01-13', '5704100297086', '0.00', 'unpaid'),
('INV01073', '2016-01-14', '1302080439088', '460.00', 'unpaid'),
('INV01074', '2016-01-14', '4111180106083', '0.00', 'unpaid'),
('INV01075', '2016-01-15', '5001110128088', '0.00', 'unpaid'),
('INV01076', '2016-01-17', '4906270884086', '0.00', 'unpaid'),
('INV01077', '2016-01-17', '8902010959088', '460.00', 'unpaid'),
('INV01078', '2016-01-19', '7511030931085', '0.00', 'unpaid'),
('INV01079', '2016-01-21', '3001280724084', '0.00', 'unpaid'),
('INV0108', '2012-03-13', '9509040129082', '0.00', 'unpaid'),
('INV01080', '2016-01-22', '9503010970083', '0.00', 'unpaid'),
('INV01081', '2016-01-22', '4603230789086', '0.00', 'unpaid'),
('INV01082', '2016-01-23', '6511130973087', '460.00', 'unpaid'),
('INV01083', '2016-01-26', '7412210788083', '0.00', 'unpaid'),
('INV01084', '2016-01-27', '8009100659085', '460.00', 'unpaid'),
('INV01085', '2016-01-27', '1908150375082', '0.00', 'unpaid'),
('INV01086', '2016-01-28', '491010022086', '460.00', 'unpaid'),
('INV01087', '2016-02-01', '4104200140083', '460.00', 'unpaid'),
('INV01088', '2016-02-01', '6509220788082', '0.00', 'unpaid'),
('INV01089', '2016-02-01', '8005030611082', '460.00', 'unpaid'),
('INV0109', '2012-03-16', '8407030360083', '0.00', 'unpaid'),
('INV01090', '2016-02-01', '5002080660085', '460.00', 'unpaid'),
('INV01091', '2016-02-02', '5001070584088', '0.00', 'unpaid'),
('INV01092', '2016-02-02', '2707140905083', '460.00', 'unpaid'),
('INV01093', '2016-02-03', '400422050085', '460.00', 'unpaid'),
('INV01094', '2016-02-03', '9012110306084', '460.00', 'unpaid'),
('INV01095', '2016-02-03', '2711130236088', '460.00', 'unpaid'),
('INV01096', '2016-02-03', '681014062082', '460.00', 'unpaid'),
('INV01097', '2016-02-04', '2802230303081', '0.00', 'unpaid'),
('INV01098', '2016-02-05', '5710230923081', '460.00', 'unpaid'),
('INV01099', '2016-02-05', '2104030218083', '460.00', 'unpaid'),
('INV0110', '2012-03-18', '6412050862088', '0.00', 'unpaid'),
('INV01100', '2016-02-06', '6609200993085', '460.00', 'unpaid'),
('INV01101', '2016-02-06', '1412130177086', '460.00', 'unpaid'),
('INV01102', '2016-02-07', '1412130177086', '460.00', 'unpaid'),
('INV01103', '2016-02-07', '1604070370087', '0.00', 'unpaid'),
('INV01104', '2016-02-08', '9210160769082', '0.00', 'unpaid'),
('INV01105', '2016-02-08', '2005130271081', '0.00', 'unpaid'),
('INV01106', '2016-02-10', '47072706087', '460.00', 'unpaid'),
('INV01107', '2016-02-10', '1311240354085', '0.00', 'unpaid'),
('INV01108', '2016-02-13', '2906040747081', '460.00', 'unpaid'),
('INV01109', '2016-02-13', '7705180627087', '460.00', 'unpaid'),
('INV0111', '2012-03-20', '9911090794084', '0.00', 'unpaid'),
('INV01110', '2016-02-14', '2704170868088', '460.00', 'unpaid'),
('INV01111', '2016-02-15', '8703170594084', '0.00', 'unpaid'),
('INV01112', '2016-02-15', '780622020088', '460.00', 'unpaid'),
('INV01113', '2016-02-16', '7312170466084', '460.00', 'unpaid'),
('INV01114', '2016-02-18', '9504060158084', '460.00', 'unpaid'),
('INV01115', '2016-02-18', '510523033088', '0.00', 'unpaid'),
('INV01116', '2016-02-18', '8501270465083', '460.00', 'unpaid'),
('INV01117', '2016-02-19', '9606270939081', '460.00', 'paid'),
('INV01118', '2016-02-20', '4308010928085', '0.00', 'unpaid'),
('INV01119', '2016-02-21', '8512050670085', '460.00', 'unpaid'),
('INV0112', '2012-03-21', '7312050486084', '0.00', 'unpaid'),
('INV01120', '2016-02-23', '6507050556081', '460.00', 'unpaid'),
('INV01121', '2016-02-23', '2102130913085', '460.00', 'unpaid'),
('INV01122', '2016-02-25', '1704180177085', '460.00', 'unpaid'),
('INV01123', '2016-02-26', '1604070370087', '0.00', 'unpaid'),
('INV01124', '2016-02-27', '8306110412083', '0.00', 'unpaid'),
('INV01125', '2016-03-01', '4307190367081', '460.00', 'unpaid'),
('INV01126', '2016-03-02', '7809130240082', '460.00', 'unpaid'),
('INV01127', '2016-03-05', '2709210905082', '460.00', 'unpaid'),
('INV01128', '2016-03-05', '2809260609084', '460.00', 'unpaid'),
('INV01129', '2016-03-06', '8709250986088', '0.00', 'unpaid'),
('INV0113', '2012-03-21', '7809130240082', '0.00', 'unpaid'),
('INV01130', '2016-03-07', '4401230403085', '0.00', 'unpaid'),
('INV01131', '2016-03-07', '7907160124082', '460.00', 'unpaid'),
('INV01132', '2016-03-08', '3001280724084', '460.00', 'unpaid'),
('INV01133', '2016-03-09', '9204240981082', '0.00', 'unpaid'),
('INV01134', '2016-03-11', '7108280360087', '0.00', 'unpaid'),
('INV01135', '2016-03-11', '6111260929085', '0.00', 'unpaid'),
('INV01136', '2016-03-12', '8012160653084', '460.00', 'unpaid'),
('INV01137', '2016-03-12', '4302130387083', '460.00', 'unpaid'),
('INV01138', '2016-03-12', '9103060340082', '460.00', 'unpaid'),
('INV01139', '2016-03-13', '4102140915085', '0.00', 'unpaid'),
('INV0114', '2012-03-22', '7203030169082', '0.00', 'unpaid'),
('INV01140', '2016-03-14', '6308240548084', '0.00', 'unpaid'),
('INV01141', '2016-03-14', '9911090794084', '460.00', 'unpaid'),
('INV01142', '2016-03-15', '4603230789086', '0.00', 'unpaid'),
('INV01143', '2016-03-19', '9611120247088', '0.00', 'unpaid'),
('INV01144', '2016-03-19', '9412180136082', '0.00', 'unpaid'),
('INV01145', '2016-03-19', '6204260308088', '460.00', 'unpaid'),
('INV01146', '2016-03-20', '730823030086', '0.00', 'unpaid'),
('INV01147', '2016-03-21', '2303030988083', '460.00', 'unpaid'),
('INV01148', '2016-03-23', '6711170133088', '0.00', 'unpaid'),
('INV01149', '2016-03-23', '7609110201086', '460.00', 'unpaid'),
('INV0115', '2012-03-24', '7701260528087', '350.00', 'unpaid'),
('INV01150', '2016-03-24', '4207260415085', '460.00', 'unpaid'),
('INV01151', '2016-03-24', '4901240565082', '460.00', 'unpaid'),
('INV01152', '2016-03-25', '4603230789086', '0.00', 'unpaid'),
('INV01153', '2016-03-25', '6706260635082', '460.00', 'unpaid'),
('INV01154', '2016-03-26', '7412210788083', '460.00', 'unpaid'),
('INV01155', '2016-03-28', '1007230144085', '0.00', 'unpaid'),
('INV01156', '2016-03-28', '640428082086', '0.00', 'unpaid'),
('INV01157', '2016-03-28', '2102130913085', '0.00', 'unpaid'),
('INV01158', '2016-04-01', '6207220448088', '460.00', 'unpaid'),
('INV01159', '2016-04-03', '2007100717086', '0.00', 'unpaid'),
('INV0116', '2012-03-26', '630710012087', '350.00', 'unpaid'),
('INV01160', '2016-04-05', '1504280313088', '0.00', 'unpaid'),
('INV01161', '2016-04-05', '7309060944088', '460.00', 'unpaid'),
('INV01162', '2016-04-06', '9701100285087', '0.00', 'unpaid'),
('INV01163', '2016-04-07', '9408100658087', '460.00', 'unpaid'),
('INV01164', '2016-04-07', '3411260488085', '460.00', 'unpaid'),
('INV01165', '2016-04-08', '2906040747081', '0.00', 'unpaid'),
('INV01166', '2016-04-08', '9611120247088', '460.00', 'unpaid'),
('INV01167', '2016-04-09', '9902110250084', '0.00', 'unpaid'),
('INV01168', '2016-04-09', '1603220911086', '460.00', 'unpaid'),
('INV01169', '2016-04-10', '6111260929085', '460.00', 'unpaid'),
('INV0117', '2012-04-04', '9210160769082', '0.00', 'unpaid'),
('INV01170', '2016-04-12', '6603100144082', '460.00', 'unpaid'),
('INV01171', '2016-04-12', '1603220911086', '460.00', 'unpaid'),
('INV01172', '2016-04-12', '1705180376087', '460.00', 'unpaid'),
('INV01173', '2016-04-13', '4702060556086', '0.00', 'unpaid'),
('INV01174', '2016-04-15', '1704180177085', '0.00', 'unpaid'),
('INV01175', '2016-04-16', '341216047088', '0.00', 'unpaid'),
('INV01176', '2016-04-16', '6311250169086', '0.00', 'unpaid'),
('INV01177', '2016-04-16', '8309040682084', '460.00', 'unpaid'),
('INV01178', '2016-04-16', '521023092081', '0.00', 'unpaid'),
('INV01179', '2016-04-16', '3605040496081', '460.00', 'unpaid'),
('INV0118', '2012-04-05', '2709210905082', '0.00', 'unpaid'),
('INV01180', '2016-04-17', '3406130687081', '460.00', 'unpaid'),
('INV01181', '2016-04-18', '6308240548084', '460.00', 'unpaid'),
('INV01182', '2016-04-21', '4510260369082', '460.00', 'unpaid'),
('INV01183', '2016-04-21', '5711110485087', '460.00', 'unpaid'),
('INV01184', '2016-04-21', '2011240231088', '0.00', 'unpaid'),
('INV01185', '2016-04-21', '7003050348086', '0.00', 'unpaid'),
('INV01186', '2016-04-23', '5901150381088', '460.00', 'unpaid'),
('INV01187', '2016-04-23', '4512030696084', '460.00', 'unpaid'),
('INV01188', '2016-04-23', '2809260609084', '0.00', 'unpaid'),
('INV01189', '2016-04-23', '2102130913085', '460.00', 'unpaid'),
('INV0119', '2012-04-06', '2104030218083', '350.00', 'unpaid'),
('INV01190', '2016-04-24', '6509220788082', '460.00', 'unpaid'),
('INV01191', '2016-04-25', '5001110128088', '0.00', 'unpaid'),
('INV01192', '2016-04-25', '6507070463082', '460.00', 'unpaid'),
('INV01193', '2016-04-25', '6511130973087', '0.00', 'unpaid'),
('INV01194', '2016-04-25', '7809130240082', '0.00', 'unpaid'),
('INV01195', '2016-04-28', '3605040496081', '460.00', 'unpaid'),
('INV01196', '2016-04-28', '9103060340082', '0.00', 'unpaid'),
('INV01197', '2016-05-01', '7203030169082', '0.00', 'unpaid'),
('INV01198', '2016-05-05', '6204260308088', '0.00', 'unpaid'),
('INV01199', '2016-05-06', '8709250986088', '460.00', 'unpaid'),
('INV0120', '2012-04-08', '9103060340082', '0.00', 'unpaid'),
('INV01200', '2016-05-06', '1107230618084', '0.00', 'unpaid'),
('INV01201', '2016-05-08', '7403250912088', '460.00', 'unpaid'),
('INV01202', '2016-05-10', '5809250392081', '460.00', 'unpaid'),
('INV01203', '2016-05-11', '7001190645085', '460.00', 'unpaid'),
('INV01204', '2016-05-11', '8612040918085', '460.00', 'unpaid'),
('INV01205', '2016-05-12', '2612230397082', '460.00', 'unpaid'),
('INV01206', '2016-05-13', '9710230788081', '0.00', 'unpaid'),
('INV01207', '2016-05-14', '5505120413085', '0.00', 'unpaid'),
('INV01208', '2016-05-14', '5308230754082', '0.00', 'unpaid'),
('INV01209', '2016-05-15', '9304280349087', '460.00', 'unpaid'),
('INV0121', '2012-04-09', '3601280328086', '350.00', 'unpaid'),
('INV01210', '2016-05-15', '4403240664081', '0.00', 'unpaid'),
('INV01211', '2016-05-16', '5801140101084', '460.00', 'unpaid'),
('INV01212', '2016-05-17', '9701100741082', '0.00', 'unpaid'),
('INV01213', '2016-05-17', '8703170594084', '0.00', 'unpaid'),
('INV01214', '2016-05-18', '5008230824086', '0.00', 'unpaid'),
('INV01215', '2016-05-20', '4403190822084', '0.00', 'unpaid'),
('INV01216', '2016-05-20', '7410130630081', '0.00', 'unpaid'),
('INV01217', '2016-05-22', '9204240981082', '460.00', 'unpaid'),
('INV01218', '2016-05-23', '1412130177086', '460.00', 'unpaid'),
('INV01219', '2016-05-25', '4710160845084', '0.00', 'unpaid'),
('INV0122', '2012-04-09', '3602250350086', '350.00', 'unpaid'),
('INV01220', '2016-05-25', '4508260675083', '460.00', 'unpaid'),
('INV01221', '2016-05-26', '4511070585086', '460.00', 'unpaid'),
('INV01222', '2016-05-27', '2612230397082', '0.00', 'unpaid'),
('INV01223', '2016-05-27', '9712150845081', '460.00', 'unpaid'),
('INV01224', '2016-05-28', '7902150410084', '460.00', 'unpaid'),
('INV01225', '2016-06-01', '1504280313088', '0.00', 'unpaid'),
('INV01226', '2016-06-03', '4302130387083', '0.00', 'unpaid'),
('INV01227', '2016-06-03', '4005040289082', '460.00', 'unpaid'),
('INV01228', '2016-06-05', '5512080417086', '460.00', 'unpaid'),
('INV01229', '2016-06-07', '4110240825083', '0.00', 'unpaid'),
('INV0123', '2012-04-11', '3001280724084', '350.00', 'unpaid'),
('INV01230', '2016-06-08', '2303030988083', '0.00', 'unpaid'),
('INV01231', '2016-06-08', '4403190822084', '0.00', 'unpaid'),
('INV01232', '2016-06-09', '9110230494081', '0.00', 'unpaid'),
('INV01233', '2016-06-12', '4401230403085', '460.00', 'unpaid'),
('INV01234', '2016-06-12', '7002130927081', '460.00', 'unpaid'),
('INV01235', '2016-06-13', '770124076088', '0.00', 'unpaid'),
('INV01236', '2016-06-14', '9701100741082', '0.00', 'unpaid'),
('INV01237', '2016-06-14', '8008280468086', '0.00', 'unpaid'),
('INV01238', '2016-06-15', '6803010610087', '0.00', 'unpaid'),
('INV01239', '2016-06-15', '9502240191083', '460.00', 'unpaid'),
('INV0124', '2012-04-12', '4601060264085', '350.00', 'unpaid'),
('INV01240', '2016-06-17', '2210130900088', '460.00', 'unpaid'),
('INV01241', '2016-06-17', '5901150381088', '460.00', 'unpaid'),
('INV01242', '2016-06-17', '2605130248088', '0.00', 'unpaid'),
('INV01243', '2016-06-18', '780622020088', '460.00', 'unpaid'),
('INV01244', '2016-06-21', '8407030360083', '460.00', 'unpaid'),
('INV01245', '2016-06-21', '8101060996085', '460.00', 'unpaid'),
('INV01246', '2016-06-21', '5809250392081', '0.00', 'unpaid'),
('INV01247', '2016-06-25', '5705080129087', '0.00', 'unpaid'),
('INV01248', '2016-06-25', '8902010959088', '0.00', 'unpaid'),
('INV01249', '2016-06-25', '7609110201086', '0.00', 'unpaid'),
('INV0125', '2012-04-13', '9212120894085', '350.00', 'unpaid'),
('INV01250', '2016-06-26', '7609240686081', '460.00', 'unpaid'),
('INV01251', '2016-06-28', '6204260308088', '460.00', 'unpaid'),
('INV01252', '2016-06-28', '7309060944088', '0.00', 'unpaid'),
('INV01253', '2016-07-01', '6404230631085', '0.00', 'unpaid'),
('INV01254', '2016-07-03', '400422050085', '0.00', 'unpaid'),
('INV01255', '2016-07-03', '7410130630081', '0.00', 'unpaid'),
('INV01256', '2016-07-03', '3306170196085', '460.00', 'unpaid'),
('INV01257', '2016-07-05', '1007230144085', '460.00', 'unpaid'),
('INV01258', '2016-07-06', '670305077081', '0.00', 'unpaid'),
('INV01259', '2016-07-06', '4910190324088', '0.00', 'unpaid'),
('INV0126', '2012-04-19', '4307190367081', '350.00', 'unpaid'),
('INV01260', '2016-07-07', '1805020907085', '0.00', 'unpaid'),
('INV01261', '2016-07-08', '5209150693082', '460.00', 'unpaid'),
('INV01262', '2016-07-09', '7602020209088', '0.00', 'unpaid'),
('INV01263', '2016-07-10', '8502060290083', '460.00', 'unpaid'),
('INV01264', '2016-07-12', '5505090581082', '0.00', 'unpaid'),
('INV01265', '2016-07-12', '6311250169086', '460.00', 'unpaid'),
('INV01266', '2016-07-12', '2109050549084', '460.00', 'unpaid'),
('INV01267', '2016-07-13', '2109050549084', '0.00', 'unpaid'),
('INV01268', '2016-07-14', '7701260528087', '0.00', 'unpaid'),
('INV01269', '2016-07-17', '7808220226082', '0.00', 'unpaid'),
('INV0127', '2012-04-28', '1203280171086', '350.00', 'unpaid'),
('INV01270', '2016-07-18', '4601060264085', '460.00', 'unpaid'),
('INV01271', '2016-07-18', '9601060188087', '0.00', 'unpaid'),
('INV01272', '2016-07-20', '8501030560088', '460.00', 'unpaid'),
('INV01273', '2016-07-20', '6112060275088', '460.00', 'unpaid'),
('INV01274', '2016-07-20', '4910190324088', '460.00', 'unpaid'),
('INV01275', '2016-07-20', '3211200919082', '0.00', 'unpaid'),
('INV01276', '2016-07-20', '5507130805081', '0.00', 'unpaid'),
('INV01277', '2016-07-21', '4702060556086', '460.00', 'unpaid'),
('INV01278', '2016-07-24', '5512080417086', '0.00', 'unpaid'),
('INV01279', '2016-07-26', '2009210740082', '0.00', 'unpaid'),
('INV0128', '2012-04-28', '490705046088', '0.00', 'unpaid'),
('INV01280', '2016-07-26', '5510220761085', '460.00', 'unpaid'),
('INV01281', '2016-07-27', '9503010970083', '460.00', 'unpaid'),
('INV01282', '2016-08-03', '2809270394087', '0.00', 'unpaid'),
('INV01283', '2016-08-06', '7312170466084', '460.00', 'unpaid'),
('INV01284', '2016-08-08', '6310200940086', '460.00', 'unpaid'),
('INV01285', '2016-08-08', '5209150693082', '460.00', 'unpaid'),
('INV01286', '2016-08-09', '6602070398082', '0.00', 'unpaid'),
('INV01287', '2016-08-10', '341216047088', '460.00', 'unpaid'),
('INV01288', '2016-08-10', '5608060712087', '0.00', 'unpaid'),
('INV01289', '2016-08-12', '7805110427084', '460.00', 'unpaid'),
('INV0129', '2012-05-05', '660620054086', '0.00', 'unpaid'),
('INV01290', '2016-08-12', '2809270394087', '0.00', 'unpaid'),
('INV01291', '2016-08-13', '9504060158084', '0.00', 'unpaid'),
('INV01292', '2016-08-14', '2007100717086', '460.00', 'unpaid'),
('INV01293', '2016-08-14', '6605260331087', '460.00', 'unpaid'),
('INV01294', '2016-08-15', '9109270875081', '460.00', 'unpaid'),
('INV01295', '2016-08-16', '6310200940086', '0.00', 'unpaid'),
('INV01296', '2016-08-16', '8807130418086', '460.00', 'unpaid'),
('INV01297', '2016-08-17', '2707140905083', '460.00', 'unpaid'),
('INV01298', '2016-08-20', '5210250933083', '460.00', 'unpaid'),
('INV01299', '2016-08-20', '1608130591087', '460.00', 'unpaid'),
('INV0130', '2012-05-05', '2802230303081', '0.00', 'unpaid'),
('INV01300', '2016-08-20', '6404230631085', '0.00', 'unpaid'),
('INV01301', '2016-08-21', '9412180136082', '460.00', 'unpaid'),
('INV01302', '2016-08-23', '7609110201086', '460.00', 'unpaid'),
('INV01303', '2016-08-23', '1205040963082', '460.00', 'unpaid'),
('INV01304', '2016-08-24', '5805130165085', '460.00', 'unpaid'),
('INV01305', '2016-08-24', '4003100886084', '0.00', 'unpaid'),
('INV01306', '2016-08-24', '8508060640084', '460.00', 'unpaid'),
('INV01307', '2016-08-25', '1705180376087', '0.00', 'unpaid'),
('INV01308', '2016-08-25', '7705180627087', '0.00', 'unpaid'),
('INV01309', '2016-08-25', '2902030264083', '0.00', 'unpaid'),
('INV0131', '2012-05-11', '9710010812081', '350.00', 'unpaid'),
('INV01310', '2016-08-26', '2005130271081', '460.00', 'unpaid'),
('INV01311', '2016-08-27', '2805070756085', '460.00', 'unpaid'),
('INV01312', '2016-08-27', '5206110625085', '0.00', 'unpaid'),
('INV01313', '2016-08-28', '4512220543086', '0.00', 'unpaid'),
('INV01314', '2016-09-01', '8104260177081', '460.00', 'unpaid'),
('INV01315', '2016-09-02', '3503100678084', '460.00', 'unpaid'),
('INV01316', '2016-09-03', '3211200919082', '460.00', 'unpaid'),
('INV01317', '2016-09-03', '8610120779086', '460.00', 'unpaid'),
('INV01318', '2016-09-05', '5910030388087', '0.00', 'unpaid'),
('INV01319', '2016-09-05', '1704180177085', '460.00', 'unpaid'),
('INV0132', '2012-05-11', '740501094086', '0.00', 'unpaid'),
('INV01320', '2016-09-05', '1007230144085', '0.00', 'unpaid'),
('INV01321', '2016-09-05', '3503100678084', '460.00', 'unpaid'),
('INV01322', '2016-09-06', '9706130545082', '0.00', 'unpaid'),
('INV01323', '2016-09-07', '2303030988083', '0.00', 'unpaid'),
('INV01324', '2016-09-08', '2906040747081', '460.00', 'unpaid'),
('INV01325', '2016-09-09', '400422050085', '0.00', 'unpaid'),
('INV01326', '2016-09-09', '5612220214081', '460.00', 'unpaid'),
('INV01327', '2016-09-10', '6609200993085', '460.00', 'unpaid'),
('INV01328', '2016-09-10', '6810160795088', '460.00', 'unpaid'),
('INV01329', '2016-09-12', '1203280171086', '460.00', 'unpaid'),
('INV0133', '2012-05-16', '8103140774084', '0.00', 'unpaid'),
('INV01330', '2016-09-12', '5706200140082', '0.00', 'unpaid'),
('INV01331', '2016-09-12', '8008280468086', '460.00', 'unpaid'),
('INV01332', '2016-09-13', '290611026087', '460.00', 'unpaid'),
('INV01333', '2016-09-13', '2907080814082', '460.00', 'unpaid'),
('INV01334', '2016-09-13', '7505030416082', '460.00', 'unpaid'),
('INV01335', '2016-09-15', '1311040718081', '0.00', 'unpaid'),
('INV01336', '2016-09-16', '6102220345081', '460.00', 'unpaid'),
('INV01337', '2016-09-16', '47120603088', '0.00', 'unpaid'),
('INV01338', '2016-09-19', '1205040963082', '460.00', 'unpaid'),
('INV01339', '2016-09-23', '2309220589087', '0.00', 'unpaid'),
('INV0134', '2012-05-17', '7003050348086', '0.00', 'unpaid'),
('INV01340', '2016-09-24', '4511070585086', '0.00', 'unpaid'),
('INV01341', '2016-09-24', '9902110250084', '460.00', 'unpaid'),
('INV01342', '2016-09-25', '2703080994088', '0.00', 'unpaid'),
('INV01343', '2016-09-26', '2303030988083', '460.00', 'unpaid'),
('INV01344', '2016-09-26', '3306170196085', '460.00', 'unpaid'),
('INV01345', '2016-09-28', '290611026087', '0.00', 'unpaid'),
('INV01346', '2016-09-28', '4909110460081', '0.00', 'unpaid'),
('INV01347', '2016-10-01', '3911070339085', '460.00', 'unpaid'),
('INV01348', '2016-10-02', '7004060440082', '0.00', 'unpaid'),
('INV01349', '2016-10-04', '5505090581082', '460.00', 'unpaid'),
('INV0135', '2012-05-19', '5801140101084', '0.00', 'unpaid'),
('INV01350', '2016-10-04', '960124047081', '0.00', 'unpaid'),
('INV01351', '2016-10-05', '3906250668088', '0.00', 'unpaid'),
('INV01352', '2016-10-06', '4302130387083', '460.00', 'unpaid'),
('INV01353', '2016-10-07', '1705180376087', '0.00', 'unpaid'),
('INV01354', '2016-10-08', '1705180376087', '460.00', 'unpaid'),
('INV01355', '2016-10-08', '9408100658087', '460.00', 'unpaid'),
('INV01356', '2016-10-10', '2612230397082', '460.00', 'unpaid'),
('INV01357', '2016-10-11', '8506270616083', '0.00', 'unpaid'),
('INV01358', '2016-10-12', '1804030915086', '0.00', 'unpaid'),
('INV01359', '2016-10-12', '4710160845084', '460.00', 'unpaid'),
('INV0136', '2012-05-21', '2303030988083', '350.00', 'unpaid'),
('INV01360', '2016-10-13', '670305077081', '0.00', 'unpaid'),
('INV01361', '2016-10-13', '5109040274081', '460.00', 'unpaid'),
('INV01362', '2016-10-16', '510523033088', '460.00', 'unpaid'),
('INV01363', '2016-10-16', '7205020213082', '0.00', 'unpaid'),
('INV01364', '2016-10-17', '1512140600088', '0.00', 'unpaid'),
('INV01365', '2016-10-17', '6605260331087', '460.00', 'unpaid'),
('INV01366', '2016-10-17', '2012190284086', '460.00', 'unpaid'),
('INV01367', '2016-10-18', '6408200513081', '0.00', 'unpaid'),
('INV01368', '2016-10-18', '8306110412083', '0.00', 'unpaid'),
('INV01369', '2016-10-20', '5008230824086', '0.00', 'unpaid'),
('INV0137', '2012-05-22', '2906040747081', '350.00', 'unpaid'),
('INV01370', '2016-10-23', '4110240825083', '460.00', 'unpaid'),
('INV01371', '2016-10-23', '3809260231088', '460.00', 'unpaid'),
('INV01372', '2016-10-24', '9701100741082', '460.00', 'unpaid'),
('INV01373', '2016-10-24', '2109180750085', '0.00', 'unpaid'),
('INV01374', '2016-10-26', '3505100334081', '0.00', 'unpaid'),
('INV01375', '2016-10-26', '2605150205088', '460.00', 'unpaid'),
('INV01376', '2016-10-26', '9109140754088', '460.00', 'unpaid'),
('INV01377', '2016-10-27', '9706130545082', '0.00', 'unpaid'),
('INV01378', '2016-10-27', '9412180136082', '0.00', 'unpaid'),
('INV01379', '2016-11-01', '2012200849081', '0.00', 'unpaid'),
('INV0138', '2012-05-25', '9901030534081', '0.00', 'unpaid'),
('INV01380', '2016-11-01', '8610120779086', '460.00', 'unpaid'),
('INV01381', '2016-11-01', '4511070585086', '460.00', 'unpaid'),
('INV01382', '2016-11-02', '6404210377085', '0.00', 'unpaid'),
('INV01383', '2016-11-03', '8907090202087', '0.00', 'unpaid'),
('INV01384', '2016-11-03', '9212120894085', '0.00', 'unpaid'),
('INV01385', '2016-11-04', '1007230144085', '460.00', 'unpaid'),
('INV01386', '2016-11-04', '8508060640084', '0.00', 'unpaid'),
('INV01387', '2016-11-05', '1810160413088', '0.00', 'unpaid'),
('INV01388', '2016-11-06', '7403250912088', '0.00', 'unpaid'),
('INV01389', '2016-11-07', '2612230397082', '0.00', 'unpaid'),
('INV0139', '2012-05-26', '1307090536085', '350.00', 'unpaid'),
('INV01390', '2016-11-08', '5809170914084', '0.00', 'unpaid'),
('INV01391', '2016-11-08', '2005130271081', '460.00', 'unpaid'),
('INV01392', '2016-11-09', '6102220345081', '0.00', 'unpaid'),
('INV01393', '2016-11-09', '6605260331087', '0.00', 'unpaid'),
('INV01394', '2016-11-10', '8703170594084', '460.00', 'unpaid'),
('INV01395', '2016-11-10', '2309220589087', '0.00', 'unpaid'),
('INV01396', '2016-11-10', '4207260415085', '460.00', 'unpaid'),
('INV01397', '2016-11-11', '4601060264085', '460.00', 'unpaid'),
('INV01398', '2016-11-12', '7303120569085', '0.00', 'unpaid'),
('INV01399', '2016-11-12', '1902060828085', '0.00', 'unpaid'),
('INV0140', '2012-05-26', '6005080590081', '0.00', 'unpaid'),
('INV01400', '2016-11-13', '4403190822084', '460.00', 'unpaid'),
('INV01401', '2016-11-13', '8105100593086', '0.00', 'unpaid'),
('INV01402', '2016-11-14', '7609110201086', '460.00', 'unpaid'),
('INV01403', '2016-11-14', '8409280542088', '0.00', 'unpaid'),
('INV01404', '2016-11-15', '6803010610087', '0.00', 'unpaid'),
('INV01405', '2016-11-15', '1302080439088', '460.00', 'unpaid'),
('INV01406', '2016-11-16', '4702060556086', '0.00', 'unpaid'),
('INV01407', '2016-11-17', '2012190284086', '0.00', 'unpaid'),
('INV01408', '2016-11-17', '5002080660085', '0.00', 'unpaid'),
('INV01409', '2016-11-18', '650402056081', '0.00', 'unpaid'),
('INV0141', '2012-05-26', '8802220958083', '350.00', 'unpaid'),
('INV01410', '2016-11-18', '4510260369082', '0.00', 'unpaid'),
('INV01411', '2016-11-18', '4104200140083', '460.00', 'unpaid'),
('INV01412', '2016-11-20', '8104260177081', '0.00', 'unpaid'),
('INV01413', '2016-11-22', '2102130913085', '460.00', 'unpaid'),
('INV01414', '2016-11-22', '4403240664081', '460.00', 'unpaid'),
('INV01415', '2016-11-24', '6404230631085', '0.00', 'unpaid'),
('INV01416', '2016-11-24', '3708100193088', '460.00', 'unpaid'),
('INV01417', '2016-11-24', '3001280724084', '0.00', 'unpaid'),
('INV01418', '2016-11-24', '4911280960085', '460.00', 'unpaid'),
('INV01419', '2016-11-26', '6209040562083', '0.00', 'unpaid'),
('INV0142', '2012-06-03', '7004060440082', '0.00', 'unpaid'),
('INV01420', '2016-11-26', '670305077081', '460.00', 'unpaid'),
('INV01421', '2016-11-26', '7705180627087', '460.00', 'unpaid'),
('INV01422', '2016-11-27', '4111180106083', '460.00', 'unpaid'),
('INV01423', '2016-11-28', '1908150375082', '460.00', 'unpaid'),
('INV01424', '2016-12-01', '151021036088', '0.00', 'unpaid'),
('INV01425', '2016-12-01', '7412210788083', '0.00', 'unpaid'),
('INV01426', '2016-12-02', '660620054086', '460.00', 'unpaid'),
('INV01427', '2016-12-03', '8902010959088', '460.00', 'unpaid'),
('INV01428', '2016-12-04', '4708110702087', '460.00', 'unpaid'),
('INV01429', '2016-12-06', '8512050670085', '0.00', 'unpaid'),
('INV0143', '2012-06-05', '9212120894085', '0.00', 'unpaid'),
('INV01430', '2016-12-06', '6408200513081', '0.00', 'unpaid'),
('INV01431', '2016-12-07', '3203230938086', '460.00', 'unpaid'),
('INV01432', '2016-12-07', '9609270686085', '460.00', 'unpaid'),
('INV01433', '2016-12-07', '4804180882084', '460.00', 'unpaid'),
('INV01434', '2016-12-07', '5209150693082', '0.00', 'unpaid'),
('INV01435', '2016-12-08', '9503010970083', '0.00', 'unpaid'),
('INV01436', '2016-12-09', '6408200513081', '460.00', 'unpaid'),
('INV01437', '2016-12-10', '2111130577081', '0.00', 'unpaid'),
('INV01438', '2016-12-12', '7202270202087', '460.00', 'unpaid'),
('INV01439', '2016-12-13', '5304280232082', '460.00', 'unpaid'),
('INV0144', '2012-06-06', '6102220345081', '350.00', 'unpaid'),
('INV01440', '2016-12-17', '4104200140083', '460.00', 'unpaid'),
('INV01441', '2016-12-17', '9609270686085', '0.00', 'unpaid'),
('INV01442', '2016-12-19', '3508030550085', '0.00', 'unpaid'),
('INV01443', '2016-12-19', '7701030854083', '460.00', 'unpaid'),
('INV01444', '2016-12-22', '2802230303081', '460.00', 'unpaid'),
('INV01445', '2016-12-23', '6603100144082', '460.00', 'unpaid'),
('INV01446', '2016-12-23', '2809260609084', '460.00', 'unpaid'),
('INV01447', '2016-12-24', '7705180627087', '460.00', 'unpaid'),
('INV01448', '2016-12-25', '7503060788083', '460.00', 'unpaid'),
('INV01449', '2016-12-25', '4307190367081', '0.00', 'unpaid'),
('INV0145', '2012-06-08', '2709210905082', '350.00', 'unpaid'),
('INV01450', '2016-12-26', '4403190822084', '0.00', 'unpaid'),
('INV01451', '2016-12-26', '7808220226082', '460.00', 'unpaid'),
('INV01452', '2016-12-27', '2011240231088', '460.00', 'unpaid'),
('INV01453', '2016-12-27', '6111260929085', '460.00', 'unpaid'),
('INV01454', '2016-12-28', '5809250392081', '0.00', 'unpaid'),
('INV01455', '2017-01-02', '7002130927081', '480.00', 'unpaid'),
('INV01456', '2017-01-03', '2303030988083', '480.00', 'unpaid'),
('INV01457', '2017-01-03', '531127094084', '480.00', 'unpaid'),
('INV01458', '2017-01-13', '4103240120082', '0.00', 'unpaid'),
('INV01459', '2017-01-17', '7202270202087', '480.00', 'unpaid'),
('INV0146', '2012-06-09', '8103140774084', '0.00', 'unpaid'),
('INV01460', '2017-01-18', '47120603088', '0.00', 'unpaid'),
('INV01461', '2017-01-18', '6310200940086', '0.00', 'unpaid'),
('INV01462', '2017-01-23', '5608240727082', '480.00', 'unpaid'),
('INV01463', '2017-01-26', '8104260177081', '480.00', 'unpaid'),
('INV01464', '2017-01-28', '3610150249083', '480.00', 'unpaid'),
('INV01465', '2017-02-03', '9710230788081', '480.00', 'unpaid'),
('INV01466', '2017-02-03', '7312170466084', '480.00', 'unpaid'),
('INV01467', '2017-02-09', '3211200919082', '0.00', 'unpaid'),
('INV01468', '2017-02-12', '5602060518087', '0.00', 'unpaid'),
('INV01469', '2017-02-12', '6102220345081', '0.00', 'unpaid'),
('INV0147', '2012-06-11', '7701260528087', '0.00', 'unpaid'),
('INV01470', '2017-02-15', '2411070180081', '0.00', 'unpaid'),
('INV01471', '2017-02-16', '7808220226082', '0.00', 'unpaid'),
('INV01472', '2017-02-21', '3503100678084', '480.00', 'unpaid'),
('INV01473', '2017-02-21', '4005040289082', '480.00', 'unpaid'),
('INV01474', '2017-02-23', '7610250179087', '480.00', 'unpaid'),
('INV01475', '2017-02-24', '1805020907085', '0.00', 'unpaid'),
('INV01476', '2017-03-01', '341216047088', '480.00', 'unpaid'),
('INV01477', '2017-03-04', '2104030218083', '0.00', 'unpaid'),
('INV01478', '2017-03-06', '4906270884086', '480.00', 'unpaid'),
('INV01479', '2017-03-06', '1512140600088', '0.00', 'unpaid'),
('INV0148', '2012-06-13', '740501094086', '0.00', 'unpaid'),
('INV01480', '2017-03-09', '9202010527088', '480.00', 'unpaid'),
('INV01481', '2017-03-14', '290611026087', '0.00', 'unpaid'),
('INV01482', '2017-03-14', '5801140101084', '480.00', 'unpaid'),
('INV01483', '2017-03-28', '4003100886084', '0.00', 'unpaid'),
('INV01484', '2017-04-02', '6111260929085', '480.00', 'unpaid'),
('INV01485', '2017-04-11', '2902030264083', '480.00', 'unpaid'),
('INV01486', '2017-04-14', '1011160807087', '0.00', 'unpaid'),
('INV01487', '2017-04-16', '3911070339085', '0.00', 'unpaid'),
('INV01488', '2017-04-20', '8501270465083', '480.00', 'unpaid'),
('INV01489', '2017-04-22', '8501270465083', '0.00', 'unpaid'),
('INV0149', '2012-06-14', '1504280313088', '350.00', 'unpaid'),
('INV01490', '2017-04-23', '4508260675083', '480.00', 'unpaid'),
('INV01491', '2017-04-26', '7907160124082', '480.00', 'unpaid'),
('INV01492', '2017-05-02', '2709110853083', '0.00', 'unpaid'),
('INV01493', '2017-05-03', '8508170901082', '480.00', 'unpaid'),
('INV01494', '2017-05-04', '2808250506083', '480.00', 'unpaid'),
('INV01495', '2017-05-05', '7701260528087', '480.00', 'unpaid'),
('INV01496', '2017-05-05', '1705180376087', '0.00', 'unpaid'),
('INV01497', '2017-05-09', '6412050862088', '480.00', 'unpaid'),
('INV01498', '2017-05-10', '451201089085', '480.00', 'unpaid'),
('INV01499', '2017-05-13', '2608180553088', '480.00', 'unpaid'),
('INV0150', '2012-06-16', '2902030264083', '0.00', 'unpaid'),
('INV01500', '2017-05-15', '1003280163086', '0.00', 'unpaid'),
('INV01501', '2017-05-16', '6112060275088', '0.00', 'unpaid'),
('INV01502', '2017-05-17', '9103060340082', '480.00', 'unpaid'),
('INV01503', '2017-05-23', '7309060944088', '480.00', 'unpaid'),
('INV01504', '2017-05-24', '9202010527088', '480.00', 'unpaid'),
('INV01505', '2017-05-25', '9911090794084', '0.00', 'unpaid'),
('INV01506', '2017-05-26', '6209040562083', '0.00', 'unpaid'),
('INV01507', '2017-06-04', '5608060712087', '480.00', 'unpaid'),
('INV01508', '2017-06-12', '3906250668088', '480.00', 'unpaid'),
('INV01509', '2017-06-14', '9212120894085', '480.00', 'unpaid'),
('INV0151', '2012-06-17', '7602020209088', '0.00', 'unpaid'),
('INV01510', '2017-06-15', '9411220643082', '0.00', 'unpaid'),
('INV01511', '2017-06-19', '6111040850088', '480.00', 'unpaid'),
('INV01512', '2017-06-20', '2012200849081', '480.00', 'unpaid'),
('INV01513', '2017-06-24', '6408200513081', '480.00', 'unpaid'),
('INV01514', '2017-06-26', '6310200940086', '0.00', 'paid'),
('INV01515', '2017-06-26', '2303030988083', '480.00', 'paid'),
('INV01516', '2017-06-28', '2902030264083', '0.00', 'unpaid'),
('INV01518', '2019-10-18', '9612070824088', '620.00', 'unpaid'),
('INV01519', '2019-10-24', '1003250239088', '620.00', 'unpaid'),
('INV0152', '2012-06-17', '4605100562088', '0.00', 'unpaid'),
('INV01520', '2019-10-30', '1003250239088', '620.00', 'paid'),
('INV01524', '2019-10-30', '8808135565087', '630.00', 'paid'),
('INV01525', '2019-10-31', '8608135565088', '680.00', 'unpaid'),
('INV01526', '2019-10-31', '8608135565088', '680.00', 'unpaid'),
('INV01527', '2019-11-01', '1003250239088', '600.00', 'paid'),
('INV01528', '2019-11-01', '8608135565088', '600.00', 'paid'),
('INV01529', '2019-11-01', '8808135565087', '630.00', 'paid'),
('INV0153', '2012-06-22', '5507130805081', '0.00', 'unpaid'),
('INV01530', '2019-11-25', '1003250239088', '720.00', 'unpaid'),
('INV01532', '2019-11-26', '0708135565087', '720.00', 'paid'),
('INV01533', '2019-11-26', '1003280163086', '670.00', 'paid'),
('INV01534', '2019-11-26', '7508135565087', '670.00', 'paid'),
('INV01535', '2019-11-27', '1003250239088', '650.00', 'unpaid'),
('INV01536', '2019-11-27', '0708135565087', '630.00', 'unpaid'),
('INV01537', '2019-11-28', '0708135565087', '630.00', 'paid'),
('INV01538', '2019-11-28', '0808135565087', '600.00', 'unpaid'),
('INV01539', '2019-11-28', '8608135565088', '670.00', 'unpaid'),
('INV01540', '2019-11-29', '9911090794084', '680.00', 'unpaid'),
('INV01542', '2019-11-29', '7309060944088', '680.00', 'unpaid'),
('INV01543', '2019-12-03', '1205040963082', '620.00', 'paid'),
('INV01544', '2019-12-03', '0708135565087', '680.00', 'paid'),
('INV01545', '2019-12-04', '9611120247088', '730.00', 'unpaid'),
('INV01546', '2019-12-04', '1005260157083', '650.00', 'unpaid'),
('INV01547', '2019-12-04', '4511070585086', '650.00', 'unpaid'),
('INV01548', '2019-12-12', '0808135565087', '680.00', 'unpaid'),
('INV0155', '2012-06-25', '3410210326084', '350.00', 'unpaid'),
('INV0156', '2012-07-01', '8612040918085', '350.00', 'unpaid'),
('INV0157', '2012-07-04', '7003050348086', '350.00', 'unpaid'),
('INV0158', '2012-07-05', '9109270875081', '350.00', 'unpaid'),
('INV0159', '2012-07-10', '7202270202087', '350.00', 'unpaid'),
('INV0160', '2012-07-10', '5209150693082', '350.00', 'unpaid'),
('INV0161', '2012-07-11', '8612040918085', '350.00', 'unpaid'),
('INV0162', '2012-07-11', '6509050392085', '0.00', 'unpaid'),
('INV0163', '2012-07-14', '8906120948084', '350.00', 'unpaid'),
('INV0164', '2012-07-15', '8004280354084', '350.00', 'unpaid'),
('INV0165', '2012-07-16', '8209260885087', '0.00', 'unpaid'),
('INV0166', '2012-07-16', '1810160413088', '350.00', 'unpaid'),
('INV0167', '2012-07-17', '8101060996085', '0.00', 'unpaid'),
('INV0168', '2012-08-01', '2807090965085', '0.00', 'unpaid'),
('INV0169', '2012-08-11', '6102220345081', '0.00', 'unpaid'),
('INV0170', '2012-08-15', '7906010195081', '350.00', 'unpaid'),
('INV0171', '2012-08-15', '9103060340082', '0.00', 'unpaid'),
('INV0172', '2012-08-17', '3801170828084', '0.00', 'unpaid'),
('INV0173', '2012-08-19', '6605260331087', '350.00', 'unpaid'),
('INV0174', '2012-08-20', '6605260331087', '0.00', 'unpaid'),
('INV0175', '2012-08-25', '2711130236088', '0.00', 'unpaid'),
('INV0176', '2012-08-25', '3906250668088', '0.00', 'unpaid'),
('INV0177', '2012-09-05', '8504060165087', '350.00', 'unpaid'),
('INV0178', '2012-09-06', '7202270202087', '0.00', 'unpaid'),
('INV0179', '2012-09-07', '3004230801084', '0.00', 'unpaid'),
('INV0180', '2012-09-15', '670305077081', '0.00', 'unpaid'),
('INV0181', '2012-09-23', '1302080439088', '350.00', 'unpaid'),
('INV0182', '2012-09-25', '8807130418086', '0.00', 'unpaid'),
('INV0183', '2012-09-26', '9403280679088', '350.00', 'unpaid'),
('INV0184', '2012-10-01', '1011060902084', '350.00', 'unpaid'),
('INV0185', '2012-10-05', '7906010195081', '350.00', 'unpaid'),
('INV0186', '2012-10-08', '3605040496081', '0.00', 'unpaid'),
('INV0187', '2012-10-14', '9504060158084', '350.00', 'unpaid'),
('INV0188', '2012-10-16', '4710160845084', '0.00', 'unpaid'),
('INV0189', '2012-10-24', '2303030988083', '350.00', 'unpaid'),
('INV0190', '2012-10-25', '1203280171086', '350.00', 'unpaid'),
('INV0191', '2012-11-04', '1203280171086', '350.00', 'unpaid'),
('INV0192', '2012-11-05', '8508170901082', '0.00', 'unpaid'),
('INV0193', '2012-11-08', '4710160845084', '0.00', 'unpaid'),
('INV0194', '2012-11-10', '7004060440082', '0.00', 'unpaid'),
('INV0195', '2012-11-10', '1709280678088', '0.00', 'unpaid'),
('INV0196', '2012-11-19', '640428082086', '350.00', 'unpaid'),
('INV0197', '2012-11-22', '2805070756085', '350.00', 'unpaid'),
('INV0198', '2012-11-24', '3410210326084', '0.00', 'unpaid'),
('INV0199', '2012-11-24', '1906040694086', '0.00', 'unpaid'),
('INV0200', '2012-11-26', '1805020907085', '350.00', 'unpaid'),
('INV0201', '2012-11-26', '2709210905082', '0.00', 'unpaid'),
('INV0202', '2012-12-01', '7212170290085', '350.00', 'paid'),
('INV0203', '2012-12-01', '8511250864088', '0.00', 'unpaid'),
('INV0204', '2012-12-06', '510523033088', '350.00', 'unpaid'),
('INV0205', '2012-12-06', '1007230144085', '350.00', 'unpaid'),
('INV0206', '2012-12-07', '8610120779086', '350.00', 'unpaid'),
('INV0207', '2012-12-11', '2703080994088', '350.00', 'unpaid'),
('INV0208', '2012-12-15', '1204030632082', '0.00', 'unpaid'),
('INV0209', '2012-12-19', '2109180750085', '350.00', 'unpaid'),
('INV0210', '2012-12-20', '1311240354085', '0.00', 'unpaid'),
('INV0211', '2012-12-28', '6408200513081', '350.00', 'unpaid'),
('INV0212', '2012-12-28', '510523033088', '0.00', 'unpaid'),
('INV0213', '2013-01-01', '6308240548084', '0.00', 'unpaid'),
('INV0214', '2013-01-01', '1308190287088', '0.00', 'unpaid'),
('INV0215', '2013-01-01', '2102130913085', '380.00', 'unpaid'),
('INV0216', '2013-01-03', '1104280343081', '380.00', 'unpaid'),
('INV0217', '2013-01-04', '7801120638083', '0.00', 'unpaid'),
('INV0218', '2013-01-04', '4510260369082', '380.00', 'unpaid'),
('INV0219', '2013-01-05', '3909170450081', '380.00', 'unpaid'),
('INV0220', '2013-01-05', '7902150410084', '380.00', 'unpaid'),
('INV0221', '2013-01-06', '6201140807084', '380.00', 'unpaid'),
('INV0222', '2013-01-09', '5505090581082', '380.00', 'unpaid'),
('INV0223', '2013-01-09', '8008280468086', '0.00', 'unpaid'),
('INV0224', '2013-01-10', '780622020088', '0.00', 'unpaid'),
('INV0225', '2013-01-11', '9411220643082', '380.00', 'unpaid'),
('INV0226', '2013-01-11', '1311240354085', '380.00', 'unpaid'),
('INV0227', '2013-01-13', '7106160389084', '0.00', 'unpaid'),
('INV0228', '2013-01-14', '3305280817081', '0.00', 'unpaid'),
('INV0229', '2013-01-14', '4905080506087', '0.00', 'unpaid'),
('INV0230', '2013-01-16', '8409280542088', '380.00', 'unpaid'),
('INV0231', '2013-01-20', '1512170591085', '380.00', 'unpaid'),
('INV0232', '2013-01-21', '2104030218083', '0.00', 'unpaid'),
('INV0233', '2013-01-22', '2011240231088', '380.00', 'unpaid'),
('INV0234', '2013-01-23', '9109270875081', '0.00', 'unpaid'),
('INV0235', '2013-01-23', '3505100334081', '380.00', 'unpaid'),
('INV0236', '2013-01-24', '6112060275088', '0.00', 'unpaid'),
('INV0237', '2013-01-26', '5706150123087', '380.00', 'unpaid'),
('INV0238', '2013-01-26', '1412130177086', '0.00', 'unpaid'),
('INV0239', '2013-01-26', '2012200849081', '0.00', 'unpaid'),
('INV0240', '2013-01-27', '2804220399085', '0.00', 'unpaid'),
('INV0241', '2013-02-01', '2709110853083', '380.00', 'unpaid'),
('INV0242', '2013-02-02', '9701100285087', '380.00', 'unpaid'),
('INV0243', '2013-02-02', '1906040694086', '0.00', 'unpaid'),
('INV0244', '2013-02-03', '3508030550085', '380.00', 'unpaid'),
('INV0245', '2013-02-03', '5703210321082', '380.00', 'unpaid'),
('INV0246', '2013-02-04', '7412210788083', '0.00', 'unpaid'),
('INV0247', '2013-02-05', '9706130545082', '380.00', 'unpaid'),
('INV0248', '2013-02-05', '7704070438085', '380.00', 'unpaid'),
('INV0249', '2013-02-06', '3605040496081', '380.00', 'unpaid'),
('INV0250', '2013-02-06', '2808250506083', '0.00', 'unpaid'),
('INV0251', '2013-02-07', '1906040694086', '380.00', 'unpaid'),
('INV0252', '2013-02-07', '9003280235085', '0.00', 'unpaid'),
('INV0253', '2013-02-08', '6509220788082', '0.00', 'unpaid'),
('INV0254', '2013-02-08', '5703210321082', '0.00', 'unpaid'),
('INV0255', '2013-02-09', '3902120576083', '0.00', 'unpaid'),
('INV0256', '2013-02-09', '3902120576083', '380.00', 'unpaid'),
('INV0257', '2013-02-09', '8511250864088', '380.00', 'unpaid'),
('INV0258', '2013-02-11', '8703170594084', '0.00', 'unpaid'),
('INV0259', '2013-02-11', '7410130630081', '0.00', 'unpaid'),
('INV0260', '2013-02-12', '2703080994088', '0.00', 'unpaid'),
('INV0261', '2013-02-13', '2007100717086', '0.00', 'unpaid'),
('INV0262', '2013-02-17', '490705046088', '0.00', 'unpaid'),
('INV0263', '2013-02-18', '1203280171086', '380.00', 'unpaid'),
('INV0264', '2013-02-19', '6511130973087', '0.00', 'unpaid'),
('INV0265', '2013-02-19', '9110230494081', '0.00', 'unpaid'),
('INV0266', '2013-02-20', '6802050633083', '0.00', 'paid'),
('INV0267', '2013-02-20', '6705050635085', '380.00', 'paid');
INSERT INTO `invoice` (`invNum`, `inv_date`, `client_id_num`, `consultation`, `status`) VALUES
('INV0268', '2013-02-21', '4702060556086', '380.00', 'unpaid'),
('INV0269', '2013-02-22', '3305280817081', '380.00', 'unpaid'),
('INV0270', '2013-02-23', '4005040289082', '0.00', 'unpaid'),
('INV0271', '2013-02-25', '8807130418086', '380.00', 'unpaid'),
('INV0272', '2013-02-26', '3508130716085', '380.00', 'unpaid'),
('INV0273', '2013-02-28', '2809270394087', '0.00', 'unpaid'),
('INV0274', '2013-03-01', '400422050085', '380.00', 'unpaid'),
('INV0275', '2013-03-01', '9311100557082', '380.00', 'unpaid'),
('INV0276', '2013-03-02', '521023092081', '380.00', 'unpaid'),
('INV0277', '2013-03-02', '5711110485087', '0.00', 'unpaid'),
('INV0278', '2013-03-02', '5907270761084', '0.00', 'unpaid'),
('INV0279', '2013-03-05', '1804030915086', '0.00', 'unpaid'),
('INV0280', '2013-03-06', '6102220345081', '0.00', 'unpaid'),
('INV0281', '2013-03-06', '9109140754088', '0.00', 'unpaid'),
('INV0282', '2013-03-06', '5308230754082', '380.00', 'unpaid'),
('INV0283', '2013-03-06', '5109080251088', '0.00', 'unpaid'),
('INV0284', '2013-03-11', '9403280679088', '380.00', 'unpaid'),
('INV0285', '2013-03-12', '2711130236088', '380.00', 'unpaid'),
('INV0286', '2013-03-12', '6803160923084', '380.00', 'unpaid'),
('INV0287', '2013-03-12', '3610150249083', '380.00', 'unpaid'),
('INV0288', '2013-03-12', '5001070584088', '380.00', 'unpaid'),
('INV0289', '2013-03-14', '1204030632082', '380.00', 'unpaid'),
('INV0290', '2013-03-16', '1504280313088', '380.00', 'unpaid'),
('INV0291', '2013-03-16', '8906120948084', '380.00', 'unpaid'),
('INV0292', '2013-03-17', '3503100678084', '0.00', 'unpaid'),
('INV0293', '2013-03-17', '8209260885087', '380.00', 'unpaid'),
('INV0294', '2013-03-19', '5505090581082', '0.00', 'unpaid'),
('INV0295', '2013-03-22', '8709250986088', '0.00', 'unpaid'),
('INV0296', '2013-03-22', '1107230618084', '380.00', 'unpaid'),
('INV0297', '2013-03-24', '1011060902084', '380.00', 'paid'),
('INV0298', '2013-03-24', '6509050392085', '380.00', 'paid'),
('INV0299', '2013-03-24', '4910190324088', '0.00', 'paid'),
('INV0300', '2013-04-02', '6404030447088', '0.00', 'unpaid'),
('INV0301', '2013-04-02', '6112060275088', '0.00', 'unpaid'),
('INV0302', '2013-04-03', '2210130900088', '380.00', 'unpaid'),
('INV0303', '2013-04-04', '4905080506087', '380.00', 'unpaid'),
('INV0304', '2013-04-04', '3601280328086', '380.00', 'unpaid'),
('INV0305', '2013-04-04', '2008190919082', '0.00', 'unpaid'),
('INV0306', '2013-04-04', '1011160807087', '0.00', 'unpaid'),
('INV0307', '2013-04-05', '5307060340088', '380.00', 'unpaid'),
('INV0308', '2013-04-05', '6204260308088', '380.00', 'unpaid'),
('INV0309', '2013-04-05', '6907130694085', '380.00', 'unpaid'),
('INV0310', '2013-04-06', '4202160138084', '380.00', 'unpaid'),
('INV0311', '2013-04-06', '4909110460081', '0.00', 'unpaid'),
('INV0312', '2013-04-06', '2205140565082', '380.00', 'unpaid'),
('INV0313', '2013-04-07', '5612220214081', '0.00', 'unpaid'),
('INV0314', '2013-04-07', '2709210905082', '380.00', 'unpaid'),
('INV0315', '2013-04-07', '6808120518082', '380.00', 'unpaid'),
('INV0316', '2013-04-07', '7801120638083', '0.00', 'unpaid'),
('INV0317', '2013-04-08', '4910190324088', '0.00', 'unpaid'),
('INV0318', '2013-04-09', '5212190473083', '380.00', 'unpaid'),
('INV0319', '2013-04-09', '2109050549084', '0.00', 'unpaid'),
('INV0320', '2013-04-10', '8004280354084', '0.00', 'unpaid'),
('INV0321', '2013-04-10', '82032206087', '380.00', 'unpaid'),
('INV0322', '2013-04-10', '7002130927081', '380.00', 'unpaid'),
('INV0323', '2013-04-11', '3911070339085', '380.00', 'unpaid'),
('INV0324', '2013-04-11', '5202230409086', '380.00', 'unpaid'),
('INV0325', '2013-04-13', '8309040682084', '0.00', 'unpaid'),
('INV0326', '2013-04-14', '3509040348083', '380.00', 'unpaid'),
('INV0327', '2013-04-15', '2205140565082', '380.00', 'unpaid'),
('INV0328', '2013-04-15', '9307040620082', '0.00', 'unpaid'),
('INV0329', '2013-04-16', '3503100678084', '0.00', 'unpaid'),
('INV0330', '2013-04-17', '1704180177085', '0.00', 'unpaid'),
('INV0331', '2013-04-17', '6507050556081', '0.00', 'unpaid'),
('INV0332', '2013-04-17', '7004060440082', '380.00', 'unpaid'),
('INV0333', '2013-04-19', '5512160318087', '380.00', 'unpaid'),
('INV0334', '2013-04-21', '1003280163086', '380.00', 'unpaid'),
('INV0335', '2013-04-22', '4003100886084', '380.00', 'unpaid'),
('INV0336', '2013-04-22', '9606270939081', '380.00', 'unpaid'),
('INV0337', '2013-04-25', '5801140101084', '0.00', 'unpaid'),
('INV0338', '2013-04-28', '9204240981082', '380.00', 'unpaid'),
('INV0339', '2013-04-28', '82032206087', '0.00', 'unpaid'),
('INV0340', '2013-04-28', '660620054086', '380.00', 'unpaid'),
('INV0341', '2013-05-04', '6308240548084', '380.00', 'unpaid'),
('INV0342', '2013-05-06', '780622020088', '0.00', 'unpaid'),
('INV0343', '2013-05-06', '6803160923084', '0.00', 'unpaid'),
('INV0344', '2013-05-07', '2605130248088', '380.00', 'unpaid'),
('INV0345', '2013-05-07', '7902150410084', '380.00', 'unpaid'),
('INV0346', '2013-05-07', '7912110951087', '380.00', 'unpaid'),
('INV0347', '2013-05-08', '1810160413088', '0.00', 'unpaid'),
('INV0348', '2013-05-08', '4910190324088', '380.00', 'unpaid'),
('INV0349', '2013-05-08', '9611150348082', '0.00', 'unpaid'),
('INV0350', '2013-05-11', '8703280117084', '0.00', 'unpaid'),
('INV0351', '2013-05-11', '670305077081', '0.00', 'unpaid'),
('INV0352', '2013-05-11', '1803090222085', '380.00', 'unpaid'),
('INV0353', '2013-05-13', '4511070585086', '0.00', 'unpaid'),
('INV0354', '2013-05-13', '3211200919082', '0.00', 'unpaid'),
('INV0355', '2013-05-17', '2707050803087', '380.00', 'unpaid'),
('INV0356', '2013-05-17', '8004280354084', '0.00', 'unpaid'),
('INV0357', '2013-05-17', '1012070281082', '0.00', 'unpaid'),
('INV0358', '2013-05-17', '4509220879086', '0.00', 'unpaid'),
('INV0359', '2013-05-18', '6201140807084', '0.00', 'unpaid'),
('INV0360', '2013-05-20', '1908150375082', '0.00', 'unpaid'),
('INV0361', '2013-05-20', '4909110460081', '0.00', 'unpaid'),
('INV0362', '2013-05-21', '8907090202087', '380.00', 'unpaid'),
('INV0363', '2013-05-22', '5901150381088', '380.00', 'unpaid'),
('INV0364', '2013-05-23', '9311100557082', '0.00', 'unpaid'),
('INV0365', '2013-05-23', '6803010610087', '380.00', 'unpaid'),
('INV0366', '2013-05-24', '151021036088', '380.00', 'unpaid'),
('INV0367', '2013-05-24', '2707050803087', '0.00', 'unpaid'),
('INV0368', '2013-05-24', '5505090581082', '0.00', 'unpaid'),
('INV0369', '2013-05-25', '3912200408082', '0.00', 'unpaid'),
('INV0370', '2013-05-27', '9408100658087', '380.00', 'unpaid'),
('INV0371', '2013-05-28', '2005130271081', '0.00', 'unpaid'),
('INV0372', '2013-05-28', '4601060264085', '380.00', 'unpaid'),
('INV0373', '2013-06-01', '2109180750085', '0.00', 'unpaid'),
('INV0374', '2013-06-01', '9701100285087', '0.00', 'unpaid'),
('INV0375', '2013-06-02', '7906010195081', '380.00', 'unpaid'),
('INV0376', '2013-06-04', '6412050862088', '0.00', 'unpaid'),
('INV0377', '2013-06-04', '2109050549084', '0.00', 'unpaid'),
('INV0378', '2013-06-05', '5209150693082', '0.00', 'unpaid'),
('INV0379', '2013-06-06', '6509220788082', '0.00', 'unpaid'),
('INV0380', '2013-06-06', '8709250986088', '380.00', 'unpaid'),
('INV0381', '2013-06-09', '7701030854083', '0.00', 'unpaid'),
('INV0382', '2013-06-10', '4110240825083', '0.00', 'unpaid'),
('INV0383', '2013-06-11', '2012190284086', '380.00', 'unpaid'),
('INV0384', '2013-06-11', '4905080506087', '0.00', 'unpaid'),
('INV0385', '2013-06-11', '2201120350085', '380.00', 'unpaid'),
('INV0386', '2013-06-12', '1007230144085', '0.00', 'unpaid'),
('INV0387', '2013-06-12', '8810240788083', '380.00', 'unpaid'),
('INV0388', '2013-06-13', '4512030696084', '0.00', 'unpaid'),
('INV0389', '2013-06-13', '9609270686085', '0.00', 'unpaid'),
('INV0390', '2013-06-18', '5507140417085', '0.00', 'unpaid'),
('INV0391', '2013-06-19', '7809130240082', '0.00', 'unpaid'),
('INV0392', '2013-06-19', '4512220543086', '380.00', 'unpaid'),
('INV0393', '2013-06-20', '7912110951087', '380.00', 'unpaid'),
('INV0394', '2013-06-20', '9307040620082', '0.00', 'unpaid'),
('INV0395', '2013-06-20', '8012160653084', '0.00', 'unpaid'),
('INV0396', '2013-06-21', '7707250934088', '380.00', 'unpaid'),
('INV0397', '2013-06-23', '4302130387083', '0.00', 'unpaid'),
('INV0398', '2013-06-23', '7906010195081', '380.00', 'unpaid'),
('INV0399', '2013-06-23', '9311100557082', '0.00', 'unpaid'),
('INV0400', '2013-06-26', '6311250169086', '0.00', 'unpaid'),
('INV0401', '2013-06-26', '7410130630081', '380.00', 'unpaid'),
('INV0402', '2013-06-27', '2804070757085', '0.00', 'unpaid'),
('INV0403', '2013-06-27', '2703080994088', '380.00', 'unpaid'),
('INV0404', '2013-07-01', '2703080994088', '380.00', 'unpaid'),
('INV0405', '2013-07-02', '2804220399085', '380.00', 'unpaid'),
('INV0406', '2013-07-02', '5608010370088', '380.00', 'unpaid'),
('INV0407', '2013-07-02', '640428082086', '380.00', 'unpaid'),
('INV0408', '2013-07-03', '2303030988083', '380.00', 'unpaid'),
('INV0409', '2013-07-04', '2007100717086', '0.00', 'unpaid'),
('INV0410', '2013-07-04', '47120603088', '0.00', 'unpaid'),
('INV0411', '2013-07-06', '1604070370087', '0.00', 'unpaid'),
('INV0412', '2013-07-07', '5705080129087', '0.00', 'unpaid'),
('INV0413', '2013-07-09', '9411220643082', '0.00', 'unpaid'),
('INV0414', '2013-07-09', '6609200993085', '380.00', 'unpaid'),
('INV0415', '2013-07-09', '521023092081', '380.00', 'unpaid'),
('INV0416', '2013-07-09', '3911070339085', '0.00', 'unpaid'),
('INV0417', '2013-07-10', '6909200583086', '0.00', 'unpaid'),
('INV0418', '2013-07-11', '1709240402082', '0.00', 'unpaid'),
('INV0419', '2013-07-11', '9103060340082', '380.00', 'unpaid'),
('INV0420', '2013-07-12', '9307040620082', '380.00', 'unpaid'),
('INV0421', '2013-07-12', '6803010610087', '380.00', 'unpaid'),
('INV0422', '2013-07-14', '6404230631085', '0.00', 'unpaid'),
('INV0423', '2013-07-14', '4911280960085', '380.00', 'unpaid'),
('INV0424', '2013-07-16', '5907270761084', '0.00', 'unpaid'),
('INV0425', '2013-07-16', '1302080439088', '0.00', 'unpaid'),
('INV0426', '2013-07-17', '2804220399085', '380.00', 'unpaid'),
('INV0427', '2013-07-17', '3305280817081', '380.00', 'unpaid'),
('INV0428', '2013-07-18', '6201140807084', '0.00', 'unpaid'),
('INV0429', '2013-07-18', '9012110306084', '380.00', 'unpaid'),
('INV0430', '2013-07-18', '2309220589087', '380.00', 'unpaid'),
('INV0431', '2013-07-20', '3004230801084', '380.00', 'unpaid'),
('INV0432', '2013-07-20', '2411070180081', '380.00', 'unpaid'),
('INV0433', '2013-07-20', '5008230824086', '380.00', 'unpaid'),
('INV0434', '2013-07-20', '3605090332085', '380.00', 'unpaid'),
('INV0435', '2013-07-21', '4111180106083', '0.00', 'unpaid'),
('INV0436', '2013-07-21', '7707250934088', '380.00', 'unpaid'),
('INV0437', '2013-07-21', '3810250735087', '0.00', 'unpaid'),
('INV0438', '2013-07-22', '7701030854083', '0.00', 'unpaid'),
('INV0439', '2013-07-22', '2802230303081', '0.00', 'unpaid'),
('INV0440', '2013-07-23', '6706090775083', '0.00', 'unpaid'),
('INV0441', '2013-07-24', '5002080660085', '0.00', 'unpaid'),
('INV0442', '2013-07-26', '4102140915085', '0.00', 'unpaid'),
('INV0443', '2013-07-26', '2704170868088', '380.00', 'unpaid'),
('INV0444', '2013-07-27', '9110230494081', '380.00', 'unpaid'),
('INV0445', '2013-08-05', '451201089085', '380.00', 'unpaid'),
('INV0446', '2013-08-05', '4504280921086', '0.00', 'unpaid'),
('INV0447', '2013-08-05', '341216047088', '380.00', 'unpaid'),
('INV0448', '2013-08-06', '1805020907085', '380.00', 'unpaid'),
('INV0449', '2013-08-08', '1003250239088', '380.00', 'paid'),
('INV0450', '2013-08-08', '3602250350086', '380.00', 'paid'),
('INV0451', '2013-08-10', '5711110485087', '0.00', 'unpaid'),
('INV0452', '2013-08-11', '1204030632082', '380.00', 'unpaid'),
('INV0453', '2013-08-12', '4102140915085', '380.00', 'unpaid'),
('INV0454', '2013-08-12', '8703170594084', '380.00', 'unpaid'),
('INV0455', '2013-08-13', '4509140295084', '380.00', 'unpaid'),
('INV0456', '2013-08-13', '4308010928085', '380.00', 'unpaid'),
('INV0457', '2013-08-15', '8501270465083', '0.00', 'unpaid'),
('INV0458', '2013-08-15', '4910190324088', '0.00', 'unpaid'),
('INV0459', '2013-08-17', '9204240981082', '0.00', 'unpaid'),
('INV0460', '2013-08-18', '8012160653084', '0.00', 'unpaid'),
('INV0461', '2013-08-18', '2111130577081', '380.00', 'unpaid'),
('INV0462', '2013-08-19', '5703210321082', '380.00', 'unpaid'),
('INV0463', '2013-08-20', '5002080660085', '380.00', 'unpaid'),
('INV0464', '2013-08-21', '2703080994088', '0.00', 'unpaid'),
('INV0465', '2013-08-21', '2007100717086', '0.00', 'unpaid'),
('INV0466', '2013-08-22', '4710160845084', '380.00', 'unpaid'),
('INV0467', '2013-08-25', '6201140807084', '380.00', 'unpaid'),
('INV0468', '2013-08-26', '8101060996085', '0.00', 'unpaid'),
('INV0469', '2013-08-27', '6201140807084', '380.00', 'unpaid'),
('INV0470', '2013-08-28', '7003050348086', '0.00', 'unpaid'),
('INV0471', '2013-09-01', '7212170290085', '380.00', 'paid'),
('INV0472', '2013-09-01', '7205020213082', '380.00', 'unpaid'),
('INV0473', '2013-09-02', '3801170828084', '0.00', 'unpaid'),
('INV0474', '2013-09-02', '290611026087', '380.00', 'unpaid'),
('INV0475', '2013-09-03', '1011060902084', '380.00', 'paid'),
('INV0476', '2013-09-03', '2709110853083', '380.00', 'unpaid'),
('INV0477', '2013-09-03', '2709210905082', '380.00', 'unpaid'),
('INV0478', '2013-09-03', '9908260536088', '380.00', 'unpaid'),
('INV0479', '2013-09-04', '6810160795088', '0.00', 'unpaid'),
('INV0480', '2013-09-05', '4211180586086', '380.00', 'paid'),
('INV0481', '2013-09-06', '660620054086', '0.00', 'unpaid'),
('INV0482', '2013-09-07', '5704100297086', '380.00', 'unpaid'),
('INV0483', '2013-09-07', '4708110702087', '0.00', 'unpaid'),
('INV0484', '2013-09-07', '7004060440082', '0.00', 'unpaid'),
('INV0485', '2013-09-08', '6602070398082', '380.00', 'unpaid'),
('INV0486', '2013-09-09', '5507130805081', '0.00', 'unpaid'),
('INV0487', '2013-09-10', '6802050633083', '0.00', 'unpaid'),
('INV0488', '2013-09-10', '2012200849081', '0.00', 'unpaid'),
('INV0489', '2013-09-10', '5512160318087', '380.00', 'unpaid'),
('INV0490', '2013-09-11', '5608010370088', '380.00', 'unpaid'),
('INV0491', '2013-09-11', '3610150249083', '0.00', 'unpaid'),
('INV0492', '2013-09-11', '2411070180081', '380.00', 'unpaid'),
('INV0493', '2013-09-11', '6909200583086', '0.00', 'unpaid'),
('INV0494', '2013-09-11', '1205040963082', '0.00', 'unpaid'),
('INV0495', '2013-09-11', '9311100557082', '380.00', 'unpaid'),
('INV0496', '2013-09-12', '2009210740082', '380.00', 'unpaid'),
('INV0497', '2013-09-12', '7907160124082', '380.00', 'unpaid'),
('INV0498', '2013-09-12', '740501094086', '380.00', 'unpaid'),
('INV0499', '2013-09-13', '8104260177081', '380.00', 'unpaid'),
('INV0500', '2013-09-14', '3810250735087', '380.00', 'unpaid'),
('INV0501', '2013-09-14', '730823030086', '380.00', 'unpaid'),
('INV0502', '2013-09-14', '530628013085', '0.00', 'unpaid'),
('INV0503', '2013-09-16', '7907160124082', '0.00', 'unpaid'),
('INV0504', '2013-09-18', '6706260635082', '0.00', 'unpaid'),
('INV0505', '2013-09-19', '7707250934088', '380.00', 'unpaid'),
('INV0506', '2013-09-19', '3211200919082', '0.00', 'unpaid'),
('INV0507', '2013-09-20', '740501094086', '0.00', 'unpaid'),
('INV0508', '2013-09-22', '5612220214081', '380.00', 'unpaid'),
('INV0509', '2013-09-23', '7108280360087', '380.00', 'unpaid'),
('INV0510', '2013-09-23', '2309220589087', '380.00', 'unpaid'),
('INV0511', '2013-09-23', '1005260157083', '0.00', 'unpaid'),
('INV0512', '2013-09-24', '6311250169086', '0.00', 'unpaid'),
('INV0513', '2013-09-24', '1107230618084', '380.00', 'unpaid'),
('INV0514', '2013-09-24', '851123068082', '0.00', 'unpaid'),
('INV0515', '2013-09-25', '3208130215083', '380.00', 'unpaid'),
('INV0516', '2013-09-27', '2703080994088', '0.00', 'unpaid'),
('INV0517', '2013-09-28', '4211180586086', '380.00', 'unpaid'),
('INV0518', '2013-09-28', '4403240664081', '0.00', 'unpaid'),
('INV0519', '2013-09-28', '2007100717086', '380.00', 'unpaid'),
('INV0520', '2013-10-01', '7808220226082', '0.00', 'unpaid'),
('INV0521', '2013-10-01', '8902010959088', '380.00', 'unpaid'),
('INV0522', '2013-10-01', '3208130215083', '380.00', 'unpaid'),
('INV0523', '2013-10-02', '9412180136082', '380.00', 'unpaid'),
('INV0524', '2013-10-02', '1908150375082', '380.00', 'unpaid'),
('INV0525', '2013-10-04', '5009140926088', '0.00', 'unpaid'),
('INV0526', '2013-10-06', '5704100297086', '0.00', 'unpaid'),
('INV0527', '2013-10-07', '3508130716085', '380.00', 'paid'),
('INV0528', '2013-10-07', '1401030341085', '380.00', 'paid'),
('INV0529', '2013-10-08', '2709210905082', '380.00', 'unpaid'),
('INV0530', '2013-10-08', '1902060828085', '0.00', 'unpaid'),
('INV0531', '2013-10-10', '2008190919082', '0.00', 'unpaid'),
('INV0532', '2013-10-10', '2711130236088', '380.00', 'unpaid'),
('INV0533', '2013-10-10', '8807180866088', '0.00', 'unpaid'),
('INV0534', '2013-10-10', '1401030341085', '0.00', 'unpaid'),
('INV0535', '2013-10-11', '151021036088', '0.00', 'unpaid'),
('INV0536', '2013-10-12', '5206110625085', '0.00', 'unpaid'),
('INV0537', '2013-10-13', '1608130591087', '0.00', 'unpaid'),
('INV0538', '2013-10-13', '7907160124082', '0.00', 'unpaid'),
('INV0539', '2013-10-15', '5210250933083', '0.00', 'unpaid'),
('INV0540', '2013-10-16', '1011060902084', '0.00', 'unpaid'),
('INV0541', '2013-10-16', '9403280679088', '0.00', 'unpaid'),
('INV0542', '2013-10-17', '5809170914084', '0.00', 'unpaid'),
('INV0543', '2013-10-17', '8810240788083', '380.00', 'unpaid'),
('INV0544', '2013-10-18', '8802220958083', '380.00', 'unpaid'),
('INV0545', '2013-10-19', '6609200993085', '0.00', 'unpaid'),
('INV0546', '2013-10-20', '9003280235085', '380.00', 'unpaid'),
('INV0547', '2013-10-21', '5706200140082', '0.00', 'unpaid'),
('INV0548', '2013-10-23', '4509140295084', '0.00', 'unpaid'),
('INV0549', '2013-10-24', '4512030696084', '0.00', 'unpaid'),
('INV0550', '2013-10-24', '7912110951087', '380.00', 'unpaid'),
('INV0551', '2013-10-25', '531127094084', '380.00', 'unpaid'),
('INV0552', '2013-10-26', '6412170702085', '0.00', 'unpaid'),
('INV0553', '2013-11-01', '4211180586086', '380.00', 'unpaid'),
('INV0554', '2013-11-02', '8301170304085', '0.00', 'unpaid'),
('INV0555', '2013-11-02', '5109040274081', '380.00', 'unpaid'),
('INV0556', '2013-11-02', '6209040562083', '380.00', 'unpaid'),
('INV0557', '2013-11-03', '6802050633083', '380.00', 'unpaid'),
('INV0558', '2013-11-03', '3509040348083', '0.00', 'unpaid'),
('INV0559', '2013-11-03', '9109140754088', '380.00', 'unpaid'),
('INV0560', '2013-11-06', '5602060518087', '0.00', 'unpaid'),
('INV0561', '2013-11-07', '521023092081', '380.00', 'unpaid'),
('INV0562', '2013-11-10', '6204260308088', '380.00', 'unpaid'),
('INV0563', '2013-11-10', '7805110427084', '380.00', 'unpaid'),
('INV0564', '2013-11-11', '9012110306084', '0.00', 'unpaid'),
('INV0565', '2013-11-12', '9706130545082', '0.00', 'unpaid'),
('INV0566', '2013-11-14', '5907270761084', '380.00', 'unpaid'),
('INV0567', '2013-11-14', '9212120894085', '0.00', 'unpaid'),
('INV0568', '2013-11-15', '7002130927081', '380.00', 'unpaid'),
('INV0569', '2013-11-16', '4804180882084', '380.00', 'unpaid'),
('INV0570', '2013-11-16', '2109050549084', '0.00', 'unpaid'),
('INV0571', '2013-11-17', '3902120576083', '0.00', 'unpaid'),
('INV0572', '2013-11-18', '2907080814082', '380.00', 'unpaid'),
('INV0573', '2013-11-19', '2807090965085', '0.00', 'unpaid'),
('INV0574', '2013-11-19', '6311250169086', '380.00', 'unpaid'),
('INV0575', '2013-11-20', '6907130694085', '0.00', 'unpaid'),
('INV0576', '2013-11-21', '2309220589087', '380.00', 'unpaid'),
('INV0577', '2013-11-21', '6602070398082', '380.00', 'unpaid'),
('INV0578', '2013-11-21', '660620054086', '380.00', 'unpaid'),
('INV0579', '2013-11-22', '6308240548084', '0.00', 'unpaid'),
('INV0580', '2013-11-22', '2012190284086', '0.00', 'unpaid'),
('INV0581', '2013-11-23', '9412180136082', '380.00', 'unpaid'),
('INV0582', '2013-11-23', '4508260675083', '380.00', 'unpaid'),
('INV0583', '2013-11-24', '6705050635085', '0.00', 'unpaid'),
('INV0584', '2013-11-28', '2804070757085', '0.00', 'unpaid'),
('INV0585', '2013-12-01', '7212170290085', '380.00', 'paid'),
('INV0586', '2013-12-02', '9710230788081', '0.00', 'unpaid'),
('INV0587', '2013-12-04', '6910130773087', '380.00', 'unpaid'),
('INV0588', '2013-12-07', '3801170828084', '380.00', 'unpaid'),
('INV0589', '2013-12-07', '521023092081', '380.00', 'unpaid'),
('INV0590', '2013-12-08', '8008280468086', '380.00', 'unpaid'),
('INV0591', '2013-12-08', '1311240354085', '380.00', 'unpaid'),
('INV0592', '2013-12-09', '2109050549084', '380.00', 'unpaid'),
('INV0593', '2013-12-09', '2411070180081', '380.00', 'unpaid'),
('INV0594', '2013-12-09', '5612220214081', '380.00', 'unpaid'),
('INV0595', '2013-12-10', '7412210788083', '0.00', 'unpaid'),
('INV0596', '2013-12-10', '4005040289082', '380.00', 'unpaid'),
('INV0597', '2013-12-11', '7705180627087', '0.00', 'unpaid'),
('INV0598', '2013-12-12', '8009100659085', '380.00', 'unpaid'),
('INV0599', '2013-12-13', '770124076088', '0.00', 'unpaid'),
('INV0600', '2013-12-15', '5910030388087', '380.00', 'unpaid'),
('INV0601', '2013-12-15', '9408100658087', '380.00', 'unpaid'),
('INV0602', '2013-12-17', '4103240120082', '380.00', 'unpaid'),
('INV0603', '2013-12-17', '4308010928085', '0.00', 'unpaid'),
('INV0604', '2013-12-17', '6706090775083', '0.00', 'unpaid'),
('INV0605', '2013-12-18', '6910130773087', '0.00', 'unpaid'),
('INV0606', '2013-12-20', '8105100593086', '380.00', 'unpaid'),
('INV0607', '2013-12-21', '1412130177086', '380.00', 'unpaid'),
('INV0608', '2013-12-21', '9902110250084', '0.00', 'unpaid'),
('INV0609', '2013-12-21', '6803160923084', '0.00', 'unpaid'),
('INV0610', '2013-12-21', '7907160124082', '380.00', 'unpaid'),
('INV0611', '2013-12-21', '1307090536085', '0.00', 'unpaid'),
('INV0612', '2013-12-22', '8101060996085', '0.00', 'unpaid'),
('INV0613', '2013-12-23', '9311100557082', '0.00', 'unpaid'),
('INV0614', '2013-12-26', '5009140926088', '380.00', 'unpaid'),
('INV0615', '2013-12-27', '4111180106083', '380.00', 'unpaid'),
('INV0616', '2013-12-27', '5109040274081', '380.00', 'unpaid'),
('INV0617', '2013-12-28', '8301170304085', '380.00', 'unpaid'),
('INV0618', '2013-12-28', '531127094084', '380.00', 'unpaid'),
('INV0619', '2014-01-01', '2007100717086', '0.00', 'unpaid'),
('INV0620', '2014-01-02', '8103140774084', '410.00', 'unpaid'),
('INV0621', '2014-01-03', '5308230754082', '410.00', 'unpaid'),
('INV0622', '2014-01-03', '4104200140083', '410.00', 'unpaid'),
('INV0623', '2014-01-04', '5608060712087', '0.00', 'unpaid'),
('INV0624', '2014-01-05', '7312170466084', '0.00', 'unpaid'),
('INV0625', '2014-01-07', '5212190473083', '410.00', 'unpaid'),
('INV0626', '2014-01-07', '4511070585086', '410.00', 'unpaid'),
('INV0627', '2014-01-09', '3906250668088', '0.00', 'unpaid'),
('INV0628', '2014-01-09', '4812160561083', '410.00', 'unpaid'),
('INV0629', '2014-01-09', '4403190822084', '0.00', 'unpaid'),
('INV0630', '2014-01-14', '2011240231088', '0.00', 'unpaid'),
('INV0631', '2014-01-14', '3810250735087', '0.00', 'unpaid'),
('INV0632', '2014-01-18', '1401030341085', '0.00', 'unpaid'),
('INV0633', '2014-01-19', '3001280724084', '410.00', 'unpaid'),
('INV0634', '2014-01-23', '8807180866088', '410.00', 'unpaid'),
('INV0635', '2014-01-23', '7303120569085', '0.00', 'unpaid'),
('INV0636', '2014-01-24', '660620054086', '0.00', 'unpaid'),
('INV0637', '2014-01-25', '5512160318087', '410.00', 'unpaid'),
('INV0638', '2014-01-26', '7805110427084', '0.00', 'unpaid'),
('INV0639', '2014-01-28', '3508130716085', '410.00', 'unpaid'),
('INV0640', '2014-02-02', '3306170196085', '410.00', 'unpaid'),
('INV0641', '2014-02-02', '8012160653084', '0.00', 'unpaid'),
('INV0642', '2014-02-05', '9412180136082', '410.00', 'unpaid'),
('INV0643', '2014-02-07', '650402056081', '0.00', 'unpaid'),
('INV0644', '2014-02-10', '8306110412083', '410.00', 'unpaid'),
('INV0645', '2014-02-11', '3503100678084', '410.00', 'unpaid'),
('INV0646', '2014-02-13', '6404210377085', '0.00', 'unpaid'),
('INV0647', '2014-02-13', '8506270616083', '0.00', 'unpaid'),
('INV0648', '2014-02-14', '7009130331088', '410.00', 'unpaid'),
('INV0649', '2014-02-15', '5206110625085', '0.00', 'unpaid'),
('INV0650', '2014-02-18', '8006220732085', '410.00', 'unpaid'),
('INV0651', '2014-02-19', '5809250392081', '0.00', 'unpaid'),
('INV0652', '2014-02-19', '6802050633083', '0.00', 'unpaid'),
('INV0653', '2014-02-20', '4104200140083', '410.00', 'unpaid'),
('INV0654', '2014-02-20', '2205140565082', '0.00', 'unpaid'),
('INV0655', '2014-02-21', '7505030416082', '410.00', 'unpaid'),
('INV0656', '2014-02-24', '1709280678088', '0.00', 'unpaid'),
('INV0657', '2014-02-25', '8902010959088', '410.00', 'unpaid'),
('INV0658', '2014-03-01', '7306050161086', '410.00', 'unpaid'),
('INV0659', '2014-03-03', '6511130973087', '410.00', 'unpaid'),
('INV0660', '2014-03-06', '491010022086', '0.00', 'unpaid'),
('INV0661', '2014-03-13', '851123068082', '410.00', 'unpaid'),
('INV0662', '2014-03-15', '6507070463082', '0.00', 'unpaid'),
('INV0663', '2014-03-15', '4708110702087', '0.00', 'unpaid'),
('INV0664', '2014-03-16', '1608130591087', '0.00', 'unpaid'),
('INV0665', '2014-03-17', '9810260112082', '0.00', 'unpaid'),
('INV0666', '2014-03-17', '8807180866088', '0.00', 'unpaid'),
('INV0667', '2014-03-17', '4004220578084', '410.00', 'unpaid'),
('INV0668', '2014-03-18', '5512080417086', '0.00', 'unpaid'),
('INV0669', '2014-03-19', '1311040718081', '410.00', 'unpaid'),
('INV0670', '2014-03-19', '7203030169082', '0.00', 'unpaid'),
('INV0671', '2014-03-22', '4512220543086', '410.00', 'unpaid'),
('INV0672', '2014-03-23', '740501094086', '410.00', 'unpaid'),
('INV0673', '2014-03-25', '3605090332085', '410.00', 'unpaid'),
('INV0674', '2014-03-26', '6308240548084', '410.00', 'unpaid'),
('INV0675', '2014-03-27', '6507120107086', '0.00', 'unpaid'),
('INV0676', '2014-04-03', '6204260308088', '0.00', 'unpaid'),
('INV0677', '2014-04-04', '780622020088', '410.00', 'unpaid'),
('INV0678', '2014-04-05', '521023092081', '0.00', 'unpaid'),
('INV0679', '2014-04-05', '6509050392085', '0.00', 'unpaid'),
('INV0680', '2014-04-06', '1003250239088', '410.00', 'paid'),
('INV0681', '2014-04-07', '5704100297086', '0.00', 'unpaid'),
('INV0682', '2014-04-12', '9109150355087', '410.00', 'unpaid'),
('INV0683', '2014-04-13', '5801140101084', '0.00', 'unpaid'),
('INV0684', '2014-04-14', '6605260331087', '410.00', 'unpaid'),
('INV0685', '2014-04-19', '8906120948084', '0.00', 'unpaid'),
('INV0686', '2014-04-23', '7411170290083', '410.00', 'unpaid'),
('INV0687', '2014-04-25', '4509140295084', '410.00', 'unpaid'),
('INV0688', '2014-04-26', '9601060188087', '410.00', 'unpaid'),
('INV0689', '2014-04-27', '2207010632083', '0.00', 'unpaid'),
('INV0690', '2014-05-02', '5507140417085', '410.00', 'unpaid'),
('INV0691', '2014-05-02', '6511130973087', '0.00', 'unpaid'),
('INV0692', '2014-05-06', '8501030560088', '410.00', 'unpaid'),
('INV0693', '2014-05-06', '6910130773087', '0.00', 'unpaid'),
('INV0694', '2014-05-06', '2005130271081', '410.00', 'unpaid'),
('INV0695', '2014-05-06', '2605150205088', '0.00', 'unpaid'),
('INV0696', '2014-05-06', '3708100193088', '410.00', 'unpaid'),
('INV0697', '2014-05-08', '4005040289082', '410.00', 'unpaid'),
('INV0698', '2014-05-08', '5206110625085', '410.00', 'unpaid'),
('INV0699', '2014-05-11', '7312170466084', '0.00', 'unpaid'),
('INV0700', '2014-05-13', '1107230618084', '0.00', 'unpaid'),
('INV0701', '2014-05-14', '9911090794084', '0.00', 'unpaid'),
('INV0702', '2014-05-15', '780622020088', '0.00', 'unpaid'),
('INV0703', '2014-05-17', '630710012087', '410.00', 'unpaid'),
('INV0704', '2014-05-17', '5202230409086', '410.00', 'unpaid'),
('INV0705', '2014-05-18', '9810260112082', '0.00', 'unpaid'),
('INV0706', '2014-05-19', '4202160138084', '0.00', 'unpaid'),
('INV0707', '2014-05-22', '770124076088', '0.00', 'unpaid'),
('INV0708', '2014-05-23', '7511030931085', '410.00', 'unpaid'),
('INV0709', '2014-05-24', '4401230403085', '0.00', 'unpaid'),
('INV0710', '2014-05-24', '9109270875081', '410.00', 'unpaid'),
('INV0711', '2014-05-27', '660620054086', '410.00', 'unpaid'),
('INV0712', '2014-05-27', '7108280360087', '410.00', 'unpaid'),
('INV0713', '2014-05-27', '9504060158084', '410.00', 'unpaid'),
('INV0714', '2014-05-28', '6005080590081', '0.00', 'unpaid'),
('INV0715', '2014-06-01', '5805130165085', '410.00', 'unpaid'),
('INV0716', '2014-06-04', '6705050635085', '410.00', 'unpaid'),
('INV0717', '2014-06-07', '4508260675083', '0.00', 'unpaid'),
('INV0718', '2014-06-07', '3912200408082', '410.00', 'unpaid'),
('INV0719', '2014-06-07', '2905080185087', '0.00', 'unpaid'),
('INV0720', '2014-06-08', '2605150205088', '0.00', 'unpaid'),
('INV0721', '2014-06-09', '8006220732085', '410.00', 'unpaid'),
('INV0722', '2014-06-13', '5507140417085', '410.00', 'unpaid'),
('INV0723', '2014-06-14', '6802050633083', '410.00', 'unpaid'),
('INV0724', '2014-06-14', '8301170304085', '410.00', 'unpaid'),
('INV0725', '2014-06-14', '7412210788083', '410.00', 'unpaid'),
('INV0726', '2014-06-15', '8907280730087', '410.00', 'unpaid'),
('INV0727', '2014-06-15', '400422050085', '410.00', 'unpaid'),
('INV0728', '2014-06-20', '780622020088', '0.00', 'unpaid'),
('INV0729', '2014-06-26', '3912200408082', '0.00', 'unpaid'),
('INV0730', '2014-07-02', '1908150375082', '0.00', 'unpaid'),
('INV0731', '2014-07-02', '9311100557082', '0.00', 'unpaid'),
('INV0732', '2014-07-03', '2104030218083', '0.00', 'unpaid'),
('INV0733', '2014-07-04', '7003050348086', '0.00', 'unpaid'),
('INV0734', '2014-07-05', '8306110412083', '0.00', 'unpaid'),
('INV0735', '2014-07-07', '5801140101084', '0.00', 'unpaid'),
('INV0736', '2014-07-08', '6810160795088', '0.00', 'unpaid'),
('INV0737', '2014-07-08', '4111180106083', '0.00', 'unpaid'),
('INV0738', '2014-07-09', '5206110625085', '0.00', 'unpaid'),
('INV0739', '2014-07-14', '640428082086', '410.00', 'unpaid'),
('INV0740', '2014-07-14', '3306170196085', '0.00', 'unpaid'),
('INV0741', '2014-07-15', '2704170868088', '410.00', 'unpaid'),
('INV0742', '2014-07-15', '2210130900088', '410.00', 'unpaid'),
('INV0743', '2014-07-16', '5109040274081', '410.00', 'unpaid'),
('INV0744', '2014-07-17', '8907090202087', '0.00', 'unpaid'),
('INV0745', '2014-07-18', '2711130236088', '410.00', 'unpaid'),
('INV0746', '2014-07-18', '6204260308088', '410.00', 'unpaid'),
('INV0747', '2014-07-20', '9403280679088', '410.00', 'unpaid'),
('INV0748', '2014-07-21', '5710230923081', '0.00', 'unpaid'),
('INV0749', '2014-07-22', '8012160653084', '0.00', 'unpaid'),
('INV0750', '2014-07-25', '8101060996085', '0.00', 'unpaid'),
('INV0751', '2014-07-25', '4909110460081', '0.00', 'unpaid'),
('INV0752', '2014-07-26', '5602060518087', '410.00', 'unpaid'),
('INV0753', '2014-07-26', '47072706087', '0.00', 'unpaid'),
('INV0754', '2014-07-27', '8902010959088', '0.00', 'unpaid'),
('INV0755', '2014-07-28', '5505230875081', '410.00', 'unpaid'),
('INV0756', '2014-07-28', '3203230938086', '0.00', 'unpaid'),
('INV0757', '2014-07-28', '1603220911086', '410.00', 'unpaid'),
('INV0758', '2014-08-01', '8103140774084', '410.00', 'unpaid'),
('INV0759', '2014-08-03', '9311100557082', '0.00', 'unpaid'),
('INV0760', '2014-08-05', '6609200993085', '410.00', 'unpaid'),
('INV0761', '2014-08-07', '1205040963082', '0.00', 'unpaid'),
('INV0762', '2014-08-07', '3605040496081', '0.00', 'unpaid'),
('INV0763', '2014-08-07', '341216047088', '0.00', 'unpaid'),
('INV0764', '2014-08-09', '8703170594084', '410.00', 'unpaid'),
('INV0765', '2014-08-10', '1501200671081', '410.00', 'unpaid'),
('INV0766', '2014-08-10', '7202270202087', '410.00', 'unpaid'),
('INV0767', '2014-08-10', '9911090794084', '0.00', 'unpaid'),
('INV0768', '2014-08-11', '5304280232082', '410.00', 'unpaid'),
('INV0769', '2014-08-12', '2902030264083', '410.00', 'unpaid'),
('INV0770', '2014-08-15', '9204240981082', '410.00', 'unpaid'),
('INV0771', '2014-08-16', '5805130165085', '410.00', 'unpaid'),
('INV0772', '2014-08-16', '9910060946082', '0.00', 'unpaid'),
('INV0773', '2014-08-20', '9509040129082', '410.00', 'unpaid'),
('INV0774', '2014-08-21', '4308010928085', '0.00', 'unpaid'),
('INV0775', '2014-08-21', '5206110625085', '410.00', 'unpaid'),
('INV0776', '2014-08-23', '8907280730087', '410.00', 'unpaid'),
('INV0777', '2014-08-23', '4802050681086', '0.00', 'unpaid'),
('INV0778', '2014-08-24', '2907080814082', '410.00', 'unpaid'),
('INV0779', '2014-08-27', '6509220788082', '410.00', 'unpaid'),
('INV0780', '2014-09-01', '2811170937087', '410.00', 'unpaid'),
('INV0781', '2014-09-01', '2102130913085', '0.00', 'unpaid'),
('INV0782', '2014-09-01', '7106160389084', '410.00', 'unpaid'),
('INV0783', '2014-09-02', '3411260488085', '410.00', 'unpaid'),
('INV0784', '2014-09-02', '8908220122088', '0.00', 'unpaid'),
('INV0785', '2014-09-02', '2805070756085', '0.00', 'unpaid'),
('INV0786', '2014-09-03', '3001280724084', '410.00', 'unpaid'),
('INV0787', '2014-09-06', '4302130387083', '0.00', 'unpaid'),
('INV0788', '2014-09-07', '6408200513081', '410.00', 'unpaid'),
('INV0789', '2014-09-07', '4509220879086', '410.00', 'unpaid'),
('INV0790', '2014-09-08', '7106160389084', '0.00', 'unpaid'),
('INV0791', '2014-09-09', '2201120350085', '410.00', 'unpaid'),
('INV0792', '2014-09-11', '290611026087', '410.00', 'unpaid'),
('INV0793', '2014-09-12', '8610120779086', '410.00', 'unpaid'),
('INV0794', '2014-09-20', '9911090794084', '410.00', 'unpaid'),
('INV0795', '2014-09-23', '9109150355087', '0.00', 'unpaid'),
('INV0796', '2014-09-24', '4504280921086', '0.00', 'unpaid'),
('INV0797', '2014-09-26', '8209260885087', '0.00', 'unpaid'),
('INV0798', '2014-09-27', '5009140926088', '0.00', 'unpaid'),
('INV0799', '2014-09-28', '1107230618084', '0.00', 'unpaid'),
('INV0800', '2014-09-28', '7106160389084', '410.00', 'unpaid'),
('INV0801', '2014-09-28', '7410130630081', '410.00', 'unpaid'),
('INV0802', '2014-10-02', '9910120124085', '410.00', 'unpaid'),
('INV0803', '2014-10-03', '9010200680087', '410.00', 'unpaid'),
('INV0804', '2014-10-05', '2808250506083', '0.00', 'unpaid'),
('INV0805', '2014-10-07', '1709280678088', '410.00', 'unpaid'),
('INV0806', '2014-10-10', '2808250506083', '0.00', 'unpaid'),
('INV0807', '2014-10-10', '7801120638083', '410.00', 'unpaid'),
('INV0808', '2014-10-10', '8902010959088', '410.00', 'unpaid'),
('INV0809', '2014-10-10', '5507130805081', '410.00', 'unpaid'),
('INV0810', '2014-10-14', '510523033088', '0.00', 'unpaid'),
('INV0811', '2014-10-16', '2008190919082', '410.00', 'unpaid'),
('INV0812', '2014-10-16', '5210250933083', '0.00', 'unpaid'),
('INV0813', '2014-10-16', '7312050486084', '0.00', 'unpaid'),
('INV0814', '2014-10-17', '6706260635082', '410.00', 'unpaid'),
('INV0815', '2014-10-18', '3909170450081', '410.00', 'unpaid'),
('INV0816', '2014-10-19', '1302080439088', '410.00', 'unpaid'),
('INV0817', '2014-10-22', '7108280360087', '0.00', 'unpaid'),
('INV0818', '2014-10-23', '8703280117084', '0.00', 'unpaid'),
('INV0819', '2014-10-25', '650402056081', '0.00', 'unpaid'),
('INV0820', '2014-10-25', '2804220399085', '0.00', 'unpaid'),
('INV0821', '2014-11-05', '7912110951087', '410.00', 'unpaid'),
('INV0822', '2014-11-08', '6810160795088', '0.00', 'unpaid'),
('INV0823', '2014-11-12', '5711110485087', '0.00', 'unpaid'),
('INV0824', '2014-11-15', '5001070584088', '0.00', 'unpaid'),
('INV0825', '2014-11-16', '6511130973087', '0.00', 'unpaid'),
('INV0826', '2014-11-17', '3305280817081', '410.00', 'unpaid'),
('INV0827', '2014-11-19', '2008190919082', '410.00', 'unpaid'),
('INV0828', '2014-11-22', '8101060996085', '0.00', 'unpaid'),
('INV0829', '2014-11-23', '4509140295084', '0.00', 'unpaid'),
('INV0830', '2014-11-24', '5510220761085', '0.00', 'unpaid'),
('INV0831', '2014-11-25', '3809260231088', '410.00', 'unpaid'),
('INV0832', '2014-11-25', '2902030264083', '410.00', 'unpaid'),
('INV0833', '2014-11-27', '2210130900088', '410.00', 'unpaid'),
('INV0834', '2014-11-28', '9304280349087', '0.00', 'unpaid'),
('INV0835', '2014-12-03', '6308240548084', '0.00', 'unpaid'),
('INV0836', '2014-12-06', '8906230122083', '0.00', 'unpaid'),
('INV0837', '2014-12-07', '6808120518082', '0.00', 'unpaid'),
('INV0838', '2014-12-07', '1107230618084', '410.00', 'unpaid'),
('INV0839', '2014-12-12', '4003100886084', '0.00', 'unpaid'),
('INV0840', '2014-12-13', '4504280921086', '410.00', 'unpaid'),
('INV0841', '2014-12-13', '1005260157083', '0.00', 'unpaid'),
('INV0842', '2014-12-13', '9311100557082', '0.00', 'unpaid'),
('INV0843', '2014-12-16', '7707250934088', '0.00', 'unpaid'),
('INV0844', '2014-12-17', '3004230801084', '0.00', 'unpaid'),
('INV0845', '2014-12-21', '3406260688085', '0.00', 'unpaid'),
('INV0846', '2014-12-22', '3305280817081', '0.00', 'unpaid'),
('INV0847', '2014-12-24', '2704170868088', '410.00', 'unpaid'),
('INV0848', '2014-12-25', '531127094084', '410.00', 'unpaid'),
('INV0849', '2014-12-25', '2711130236088', '0.00', 'unpaid'),
('INV0850', '2014-12-26', '1012070281082', '410.00', 'unpaid'),
('INV0851', '2014-12-26', '4308010928085', '0.00', 'unpaid'),
('INV0852', '2014-12-27', '7801120638083', '0.00', 'unpaid'),
('INV0853', '2014-12-27', '5505120413085', '410.00', 'unpaid'),
('INV0854', '2014-12-27', '3708100193088', '0.00', 'unpaid'),
('INV0855', '2014-12-28', '6609200993085', '410.00', 'unpaid'),
('INV0856', '2015-01-01', '7809130240082', '450.00', 'unpaid'),
('INV0857', '2015-01-02', '1709240402082', '0.00', 'unpaid'),
('INV0858', '2015-01-03', '7804050808083', '0.00', 'unpaid'),
('INV0859', '2015-01-04', '9902110250084', '0.00', 'unpaid'),
('INV0860', '2015-01-05', '3912200408082', '0.00', 'unpaid'),
('INV0861', '2015-01-06', '8502060290083', '450.00', 'unpaid'),
('INV0862', '2015-01-11', '6209040562083', '0.00', 'unpaid'),
('INV0863', '2015-01-12', '4308010928085', '0.00', 'unpaid'),
('INV0864', '2015-01-14', '7403250912088', '0.00', 'unpaid'),
('INV0865', '2015-01-14', '5705080129087', '450.00', 'unpaid'),
('INV0866', '2015-01-15', '960124047081', '450.00', 'unpaid'),
('INV0867', '2015-01-16', '1107230618084', '0.00', 'unpaid'),
('INV0868', '2015-01-17', '8101060996085', '450.00', 'unpaid'),
('INV0869', '2015-01-18', '1401030341085', '0.00', 'unpaid'),
('INV0870', '2015-01-20', '5512160318087', '450.00', 'unpaid'),
('INV0871', '2015-01-25', '9504060158084', '0.00', 'unpaid'),
('INV0872', '2015-01-26', '950310057086', '450.00', 'unpaid'),
('INV0873', '2015-01-27', '8101060996085', '0.00', 'unpaid'),
('INV0874', '2015-02-02', '1012070281082', '0.00', 'unpaid'),
('INV0875', '2015-02-02', '4512220543086', '0.00', 'unpaid'),
('INV0876', '2015-02-03', '1501200671081', '450.00', 'unpaid'),
('INV0877', '2015-02-04', '2009210740082', '450.00', 'unpaid'),
('INV0878', '2015-02-07', '8309040682084', '450.00', 'unpaid'),
('INV0879', '2015-02-07', '7009130331088', '450.00', 'unpaid'),
('INV0880', '2015-02-08', '2902030264083', '450.00', 'unpaid'),
('INV0881', '2015-02-10', '1007230144085', '450.00', 'unpaid'),
('INV0882', '2015-02-12', '1412130177086', '450.00', 'unpaid'),
('INV0883', '2015-02-12', '3605090332085', '0.00', 'unpaid'),
('INV0884', '2015-02-21', '6711170133088', '450.00', 'unpaid'),
('INV0885', '2015-02-22', '8508170901082', '450.00', 'unpaid'),
('INV0886', '2015-02-23', '9902110250084', '0.00', 'unpaid'),
('INV0887', '2015-02-26', '6404030447088', '450.00', 'unpaid'),
('INV0888', '2015-03-04', '9405050739085', '0.00', 'unpaid'),
('INV0889', '2015-03-04', '2201120350085', '450.00', 'unpaid'),
('INV0890', '2015-03-06', '6408200513081', '0.00', 'unpaid'),
('INV0891', '2015-03-06', '8406270311082', '0.00', 'unpaid'),
('INV0892', '2015-03-06', '5805130165085', '0.00', 'unpaid'),
('INV0893', '2015-03-06', '1810160413088', '450.00', 'unpaid'),
('INV0894', '2015-03-07', '47120603088', '0.00', 'unpaid'),
('INV0895', '2015-03-08', '7707250934088', '450.00', 'unpaid'),
('INV0896', '2015-03-08', '2804070757085', '450.00', 'unpaid'),
('INV0897', '2015-03-11', '8703280117084', '0.00', 'unpaid'),
('INV0898', '2015-03-16', '9509040129082', '450.00', 'unpaid'),
('INV0899', '2015-03-17', '1906040694086', '450.00', 'unpaid'),
('INV0900', '2015-03-18', '4512220543086', '0.00', 'unpaid'),
('INV0901', '2015-03-18', '1011160807087', '0.00', 'unpaid'),
('INV0902', '2015-03-19', '4512220543086', '450.00', 'unpaid'),
('INV0903', '2015-03-21', '7312170466084', '450.00', 'unpaid'),
('INV0904', '2015-03-23', '1203280171086', '450.00', 'unpaid'),
('INV0905', '2015-03-24', '7410130630081', '450.00', 'unpaid'),
('INV0906', '2015-03-26', '7108280360087', '0.00', 'unpaid'),
('INV0907', '2015-03-28', '6404230631085', '0.00', 'unpaid'),
('INV0908', '2015-04-03', '1512170591085', '450.00', 'unpaid'),
('INV0909', '2015-04-04', '7609090369085', '0.00', 'unpaid'),
('INV0910', '2015-04-04', '4110240825083', '450.00', 'unpaid'),
('INV0911', '2015-04-09', '5008230824086', '0.00', 'unpaid'),
('INV0912', '2015-04-12', '2207010632083', '450.00', 'unpaid'),
('INV0913', '2015-04-14', '1709240402082', '450.00', 'unpaid'),
('INV0914', '2015-04-16', '8306110412083', '0.00', 'unpaid'),
('INV0915', '2015-04-19', '6507120107086', '450.00', 'unpaid'),
('INV0916', '2015-04-21', '8807180866088', '0.00', 'unpaid'),
('INV0917', '2015-04-21', '770124076088', '0.00', 'unpaid'),
('INV0918', '2015-04-22', '1704180177085', '450.00', 'unpaid'),
('INV0919', '2015-04-25', '4512220543086', '450.00', 'unpaid'),
('INV0920', '2015-04-27', '6706090775083', '450.00', 'unpaid'),
('INV0921', '2015-04-28', '8301170304085', '0.00', 'unpaid'),
('INV0922', '2015-05-01', '9202010527088', '0.00', 'unpaid'),
('INV0923', '2015-05-03', '3902120576083', '0.00', 'unpaid'),
('INV0924', '2015-05-04', '2007100717086', '0.00', 'unpaid'),
('INV0925', '2015-05-05', '3505100334081', '0.00', 'unpaid'),
('INV0926', '2015-05-06', '3411260488085', '0.00', 'unpaid'),
('INV0927', '2015-05-08', '9907280115082', '0.00', 'unpaid'),
('INV0928', '2015-05-11', '2702250305088', '0.00', 'unpaid'),
('INV0929', '2015-05-14', '2709210905082', '450.00', 'unpaid'),
('INV0930', '2015-05-15', '6808120518082', '450.00', 'unpaid'),
('INV0931', '2015-05-16', '9710010812081', '0.00', 'unpaid'),
('INV0932', '2015-05-17', '5510220761085', '450.00', 'unpaid'),
('INV0933', '2015-05-18', '3902120576083', '450.00', 'unpaid'),
('INV0934', '2015-05-19', '4508260675083', '450.00', 'unpaid'),
('INV0935', '2015-05-20', '9810260112082', '0.00', 'unpaid'),
('INV0936', '2015-05-21', '2109050549084', '450.00', 'unpaid'),
('INV0937', '2015-05-23', '9403280679088', '0.00', 'unpaid'),
('INV0938', '2015-05-23', '4202160138084', '450.00', 'unpaid'),
('INV0939', '2015-05-24', '3411260488085', '450.00', 'unpaid'),
('INV0940', '2015-05-25', '4307190367081', '0.00', 'unpaid'),
('INV0941', '2015-06-02', '640428082086', '0.00', 'unpaid'),
('INV0942', '2015-06-04', '8612040918085', '450.00', 'unpaid'),
('INV0943', '2015-06-04', '1007230144085', '450.00', 'unpaid'),
('INV0944', '2015-06-04', '9911090794084', '450.00', 'unpaid'),
('INV0945', '2015-06-05', '8005030611082', '450.00', 'unpaid'),
('INV0946', '2015-06-05', '6909200583086', '0.00', 'unpaid'),
('INV0947', '2015-06-07', '9902110250084', '0.00', 'unpaid'),
('INV0948', '2015-06-09', '2906040747081', '0.00', 'unpaid'),
('INV0949', '2015-06-09', '730823030086', '450.00', 'unpaid'),
('INV0950', '2015-06-12', '6910130773087', '0.00', 'unpaid'),
('INV0951', '2015-06-12', '8703170594084', '0.00', 'unpaid'),
('INV0952', '2015-06-12', '3810250735087', '0.00', 'unpaid'),
('INV0953', '2015-06-15', '3508130716085', '450.00', 'unpaid'),
('INV0954', '2015-06-16', '5612220214081', '450.00', 'unpaid'),
('INV0955', '2015-06-18', '7303120569085', '0.00', 'unpaid'),
('INV0956', '2015-06-18', '2012200849081', '0.00', 'unpaid'),
('INV0957', '2015-06-18', '5711110485087', '450.00', 'unpaid'),
('INV0958', '2015-06-19', '5212190473083', '450.00', 'unpaid'),
('INV0959', '2015-06-22', '4204250189082', '450.00', 'unpaid'),
('INV0960', '2015-06-22', '1902060828085', '0.00', 'unpaid'),
('INV0961', '2015-06-23', '6408200513081', '0.00', 'unpaid'),
('INV0962', '2015-06-24', '4307190367081', '450.00', 'unpaid'),
('INV0963', '2015-06-25', '9204240981082', '0.00', 'unpaid'),
('INV0964', '2015-07-02', '4804180882084', '450.00', 'unpaid'),
('INV0965', '2015-07-03', '7701030854083', '450.00', 'unpaid'),
('INV0966', '2015-07-03', '6404210377085', '0.00', 'unpaid'),
('INV0967', '2015-07-08', '9110230494081', '450.00', 'unpaid'),
('INV0968', '2015-07-09', '4403190822084', '0.00', 'unpaid'),
('INV0969', '2015-07-13', '7312050486084', '450.00', 'unpaid'),
('INV0970', '2015-07-18', '9210160769082', '450.00', 'unpaid'),
('INV0971', '2015-07-19', '8906120948084', '450.00', 'unpaid'),
('INV0972', '2015-07-22', '8009100659085', '0.00', 'unpaid'),
('INV0973', '2015-07-23', '3203230938086', '450.00', 'unpaid'),
('INV0974', '2015-07-25', '5008230824086', '450.00', 'unpaid'),
('INV0975', '2015-07-27', '1501200671081', '450.00', 'unpaid'),
('INV0976', '2015-07-28', '3809260231088', '450.00', 'unpaid'),
('INV0977', '2015-08-01', '1709240402082', '0.00', 'unpaid'),
('INV0978', '2015-08-02', '1804030915086', '0.00', 'unpaid'),
('INV0979', '2015-08-04', '6507070463082', '0.00', 'unpaid'),
('INV0980', '2015-08-06', '2411070180081', '0.00', 'unpaid'),
('INV0981', '2015-08-07', '2709110853083', '450.00', 'unpaid'),
('INV0982', '2015-08-09', '2005130271081', '450.00', 'unpaid'),
('INV0983', '2015-08-11', '9502240191083', '450.00', 'unpaid'),
('INV0984', '2015-08-12', '8907090202087', '0.00', 'unpaid'),
('INV0985', '2015-08-14', '8512050670085', '0.00', 'unpaid'),
('INV0986', '2015-08-18', '9412180136082', '0.00', 'unpaid'),
('INV0987', '2015-08-19', '3004230801084', '0.00', 'unpaid'),
('INV0988', '2015-08-20', '8908220122088', '0.00', 'unpaid'),
('INV0989', '2015-08-21', '7309060944088', '0.00', 'unpaid'),
('INV0990', '2015-08-24', '6111040850088', '0.00', 'unpaid'),
('INV0991', '2015-08-26', '9612070824088', '0.00', 'unpaid'),
('INV0992', '2015-08-26', '1204030632082', '450.00', 'unpaid'),
('INV0993', '2015-08-26', '6803010610087', '450.00', 'unpaid'),
('INV0994', '2015-09-03', '9712150845081', '450.00', 'unpaid'),
('INV0995', '2015-09-03', '8508170901082', '450.00', 'unpaid'),
('INV0996', '2015-09-04', '5907270761084', '450.00', 'unpaid'),
('INV0997', '2015-09-05', '4508260675083', '450.00', 'unpaid'),
('INV0998', '2015-09-06', '2808250506083', '450.00', 'unpaid'),
('INV0999', '2015-09-11', '7609240686081', '0.00', 'unpaid'),
('INV1530', '2019-11-24', '0708135565087', '570.00', 'paid'),
('INV1531', '2019-11-24', '8008135565087', '820.00', 'unpaid'),
('INV1549', '2020-01-26', '1005260157083', '470.00', 'unpaid');

-- --------------------------------------------------------

--
-- Table structure for table `items`
--

CREATE TABLE `items` (
  `id` int(11) NOT NULL,
  `name` varchar(255) NOT NULL,
  `price` decimal(15,0) NOT NULL
) ENGINE=InnoDB DEFAULT CHARSET=latin1;

-- --------------------------------------------------------

--
-- Table structure for table `mytable`
--

CREATE TABLE `mytable` (
  `Suppl_id` varchar(14) NOT NULL,
  `Supplier_id` varchar(10) NOT NULL,
  `Description` varchar(35) NOT NULL,
  `Cost_excl` varchar(10) NOT NULL,
  `Cost_incl` varchar(10) NOT NULL,
  `Min_levels` int(11) NOT NULL,
  `Current_stock_levels` int(11) NOT NULL,
  `Nappicode` varchar(30) DEFAULT NULL,
  `FIELD9` varchar(30) DEFAULT NULL,
  `FIELD10` varchar(30) DEFAULT NULL,
  `FIELD11` varchar(30) DEFAULT NULL,
  `FIELD12` varchar(30) DEFAULT NULL,
  `FIELD13` varchar(30) DEFAULT NULL
) ENGINE=InnoDB DEFAULT CHARSET=utf8mb4;

--
-- Dumping data for table `mytable`
--

INSERT INTO `mytable` (`Suppl_id`, `Supplier_id`, `Description`, `Cost_excl`, `Cost_incl`, `Min_levels`, `Current_stock_levels`, `Nappicode`, `FIELD9`, `FIELD10`, `FIELD11`, `FIELD12`, `FIELD13`) VALUES
('Supplement-1', 'SUPPLIER A', 'Omega 3 Double Strength 60\'s', 'R 313,00', 'R 356,82', 10, 28, NULL, NULL, NULL, NULL, NULL, NULL),
('Supplement-10', 'SUPPLIER C', 'Anti-Anxiety tables 30\'s', 'R 195,86', 'R 223,28', 4, 2, NULL, NULL, NULL, NULL, NULL, NULL),
('Supplement-100', 'SUPPLIER G', 'Babies 60\'s', 'R 127,92', 'R 145,83', 4, 25, NULL, NULL, NULL, NULL, NULL, NULL),
('Supplement-101', 'SUPPLIER G', 'Curcumin 60s', 'R 237,00', 'R 270,18', 6, 10, NULL, NULL, NULL, NULL, NULL, NULL),
('Supplement-102', 'SUPPLIER G', 'Vitamin C', 'R 199,00', 'R 226,86', 1, 33, NULL, NULL, NULL, NULL, NULL, NULL),
('Supplement-103', 'SUPPLIER C', 'Vitamin K2 30\'s', 'R 554,60', 'R 632,24', 1, 45, NULL, NULL, NULL, NULL, NULL, NULL),
('Supplement-104', 'SUPPLIER G', 'Vitamin Double C', 'R 363,00', 'R 413,82', 2, 5, NULL, NULL, NULL, NULL, NULL, NULL),
('Supplement-105', 'SUPPLIER B', 'Men Adult 50+ 60\'s', 'R 271,00', 'R 308,94', 2, 39, NULL, NULL, NULL, NULL, NULL, NULL),
('Supplement-106', 'SUPPLIER G', 'Folic Acid 60\'s', 'R 266,00', 'R 303,24', 3, 26, NULL, NULL, NULL, NULL, NULL, NULL),
('Supplement-107', 'SUPPLIER G', 'Ginkgo Biloba Extract 30 x 200mg', 'R 266,00', 'R 303,24', 9, 6, NULL, NULL, NULL, NULL, NULL, NULL),
('Supplement-108', 'SUPPLIER B', 'Vitamin K2 30\'s', 'R 273,00', 'R 311,22', 6, 1, NULL, NULL, NULL, NULL, NULL, NULL),
('Supplement-109', 'SUPPLIER G', 'Airmune Effervescent', 'R 193,00', 'R 220,02', 6, 3, NULL, NULL, NULL, NULL, NULL, NULL),
('Supplement-11', 'SUPPLIER C', 'Burnout Support 60\'s', 'R 147,85', 'R 168,55', 7, 49, NULL, NULL, NULL, NULL, NULL, NULL),
('Supplement-110', 'SUPPLIER B', 'Garcinia Tablets 60\'s', 'R 213,00', 'R 242,82', 7, 45, NULL, NULL, NULL, NULL, NULL, NULL),
('Supplement-111', 'SUPPLIER G', 'Breather Inhaler', '123', 'R 140,22', 3, 41, NULL, NULL, NULL, NULL, NULL, NULL),
('Supplement-112', 'SUPPLIER G', 'Ozone Healing Gel', 'R 2 408,00', 'R 2 745,12', 1, 34, NULL, NULL, NULL, NULL, NULL, NULL),
('Supplement-113', 'SUPPLIER G', 'Honey scrub', '117', 'R 133,38', 2, 13, NULL, NULL, NULL, NULL, NULL, NULL),
('Supplement-114', 'SUPPLIER G', 'Glucose', 'R 221,00', 'R 251,94', 8, 50, NULL, NULL, NULL, NULL, NULL, NULL),
('Supplement-115', 'SUPPLIER G', 'Green tea extract 60\'s', 'R 371,00', 'R 422,94', 10, 44, NULL, NULL, NULL, NULL, NULL, NULL),
('Supplement-116', 'SUPPLIER D', 'Chromium Polynicotinate 90 x 100mg', 'R 220,00', 'R 250,80', 4, 24, NULL, NULL, NULL, NULL, NULL, NULL),
('Supplement-117', 'SUPPLIER G', 'Coffee scrub', 'R 224,50', 'R 255,93', 1, 1, NULL, NULL, NULL, NULL, NULL, NULL),
('Supplement-118', 'SUPPLIER B', 'Calmag 120\'s', 'R 167,00', 'R 190,38', 7, 6, NULL, NULL, NULL, NULL, NULL, NULL),
('Supplement-119', 'SUPPLIER C', 'Garcinia Tablets 60\'s', 'R 178,44', 'R 203,42', 8, 50, NULL, NULL, NULL, NULL, NULL, NULL),
('Supplement-12', 'SUPPLIER G', 'Cellfood 30ml', 'R 262,00', 'R 298,68', 1, 13, NULL, NULL, NULL, NULL, NULL, NULL),
('Supplement-120', 'SUPPLIER C', 'Calmag 120\'s', 'R 192,91', 'R 219,92', 3, 9, NULL, NULL, NULL, NULL, NULL, NULL),
('Supplement-121', 'SUPPLIER G', 'Natural sleep formula 120\'s', 'R 270,00', 'R 307,80', 1, 42, NULL, NULL, NULL, NULL, NULL, NULL),
('Supplement-122', 'SUPPLIER G', 'Homocysteine lowering support 60\'s', 'R 233,00', 'R 265,62', 5, 46, NULL, NULL, NULL, NULL, NULL, NULL),
('Supplement-123', 'SUPPLIER B', 'Chromium 90\'s', 'R 292,00', 'R 332,88', 1, 15, NULL, NULL, NULL, NULL, NULL, NULL),
('Supplement-124', 'SUPPLIER G', 'Hormone balance 120\'s', 'R 255,00', 'R 290,70', 8, 5, NULL, NULL, NULL, NULL, NULL, NULL),
('Supplement-125', 'SUPPLIER B', 'Iron Plus 30\'s', 'R 145,00', 'R 165,30', 10, 25, NULL, NULL, NULL, NULL, NULL, NULL),
('Supplement-126', 'SUPPLIER C', 'Chromium 90\'s', 'R 233,46', 'R 266,14', 5, 12, NULL, NULL, NULL, NULL, NULL, NULL),
('Supplement-127', 'SUPPLIER B', 'Vitamin D3 60\'s', 'R 171,00', 'R 194,94', 9, 18, NULL, NULL, NULL, NULL, NULL, NULL),
('Supplement-128', 'SUPPLIER G', 'Inflammation and pain support 120\'s', 'R 199,00', 'R 226,86', 1, 47, NULL, NULL, NULL, NULL, NULL, NULL),
('Supplement-129', 'SUPPLIER G', 'Iron Plus 30\'s', 'R 240,00', 'R 273,60', 5, 47, NULL, NULL, NULL, NULL, NULL, NULL),
('Supplement-13', 'SUPPLIER G', 'Women Adult 90\'s', 'R 136,00', 'R 155,04', 8, 44, NULL, NULL, NULL, NULL, NULL, NULL),
('Supplement-130', 'SUPPLIER G', 'Krill Oil Omega 3 60\'s', 'R 186,00', 'R 212,04', 4, 35, NULL, NULL, NULL, NULL, NULL, NULL),
('Supplement-131', 'SUPPLIER B', 'Curcumin 30\'s', 'R 270,00', 'R 307,80', 3, 40, NULL, NULL, NULL, NULL, NULL, NULL),
('Supplement-132', 'SUPPLIER H', 'Cellfood 30ml', 'R 292,00', 'R 332,88', 7, 16, NULL, NULL, NULL, NULL, NULL, NULL),
('Supplement-133', 'SUPPLIER D', 'Curcumin 60s', 'R 235,00', 'R 267,90', 8, 13, NULL, NULL, NULL, NULL, NULL, NULL),
('Supplement-134', 'SUPPLIER D', 'Vitamin C', 'R 194,00', 'R 221,16', 6, 15, NULL, NULL, NULL, NULL, NULL, NULL),
('Supplement-135', 'SUPPLIER H', 'Women Adult 90\'s', 'R 170,00', 'R 193,80', 2, 10, NULL, NULL, NULL, NULL, NULL, NULL),
('Supplement-136', 'SUPPLIER H', 'Women 60+ 90\'s', 'R 207,00', 'R 235,98', 5, 17, NULL, NULL, NULL, NULL, NULL, NULL),
('Supplement-137', 'SUPPLIER H', 'Men Adult 90\'s', 'R 189,00', 'R 215,46', 1, 17, NULL, NULL, NULL, NULL, NULL, NULL),
('Supplement-138', 'SUPPLIER H', 'Men 60+ 90\'s', 'R 271,00', 'R 308,94', 3, 26, NULL, NULL, NULL, NULL, NULL, NULL),
('Supplement-139', 'SUPPLIER H', 'Children 120\'s', 'R 127,00', 'R 144,78', 10, 32, NULL, NULL, NULL, NULL, NULL, NULL),
('Supplement-14', 'SUPPLIER G', 'Women 60+ 90\'s', 'R 278,13', 'R 317,07', 6, 37, NULL, NULL, NULL, NULL, NULL, NULL),
('Supplement-140', 'SUPPLIER C', 'Iron Plus 30\'s', 'R 178,70', 'R 203,72', 7, 24, NULL, NULL, NULL, NULL, NULL, NULL),
('Supplement-141', 'SUPPLIER D', 'Vitamin Double C', 'R 207,00', 'R 235,98', 3, 7, NULL, NULL, NULL, NULL, NULL, NULL),
('Supplement-142', 'SUPPLIER H', 'Women Teens 120\'s', 'R 148,00', 'R 168,72', 2, 18, NULL, NULL, NULL, NULL, NULL, NULL),
('Supplement-143', 'SUPPLIER B', 'Milk Thistle Extract 90\'s', 'R 166,00', 'R 189,24', 10, 5, NULL, NULL, NULL, NULL, NULL, NULL),
('Supplement-144', 'SUPPLIER B', 'Natural memory support 60\'s', 'R 170,00', 'R 193,80', 8, 11, NULL, NULL, NULL, NULL, NULL, NULL),
('Supplement-145', 'SUPPLIER H', 'Men Teens 120\'s', 'R 222,00', 'R 253,08', 4, 40, NULL, NULL, NULL, NULL, NULL, NULL),
('Supplement-146', 'SUPPLIER B', 'Calmag 120 x 600mg', 'R 220,00', 'R 250,80', 9, 21, NULL, NULL, NULL, NULL, NULL, NULL),
('Supplement-147', 'SUPPLIER C', 'Vitamin D3 60\'s', 'R 219,58', 'R 250,32', 6, 42, NULL, NULL, NULL, NULL, NULL, NULL),
('Supplement-148', 'SUPPLIER C', 'Curcumin 30\'s', 'R 188,60', 'R 215,00', 8, 32, NULL, NULL, NULL, NULL, NULL, NULL),
('Supplement-149', 'SUPPLIER B', 'Calcium Glycinate 60\'s', 'R 218,00', 'R 248,52', 8, 48, NULL, NULL, NULL, NULL, NULL, NULL),
('Supplement-15', 'SUPPLIER G', 'Men Adult 90\'s', 'R 330,00', 'R 376,20', 7, 37, NULL, NULL, NULL, NULL, NULL, NULL),
('Supplement-150', 'SUPPLIER B', 'Chromium Polynicotinate 90 x 100mg', 'R 325,00', 'R 370,50', 3, 49, NULL, NULL, NULL, NULL, NULL, NULL),
('Supplement-151', 'SUPPLIER H', 'Babies 60\'s', 'R 228,29', 'R 260,25', 9, 4, NULL, NULL, NULL, NULL, NULL, NULL),
('Supplement-152', 'SUPPLIER B', 'Curcumin 60s', 'R 229,00', 'R 261,06', 7, 45, NULL, NULL, NULL, NULL, NULL, NULL),
('Supplement-153', 'SUPPLIER B', 'Vitamin C', 'R 196,00', 'R 223,44', 5, 3, NULL, NULL, NULL, NULL, NULL, NULL),
('Supplement-154', 'SUPPLIER H', 'Airmune Effervescent', 'R 304,00', 'R 346,56', 3, 19, NULL, NULL, NULL, NULL, NULL, NULL),
('Supplement-155', 'SUPPLIER H', 'Breather Inhaler', 'R 148,00', 'R 168,72', 3, 7, NULL, NULL, NULL, NULL, NULL, NULL),
('Supplement-156', 'SUPPLIER H', 'Ozone Healing Gel', 'R 179,00', 'R 204,06', 3, 31, NULL, NULL, NULL, NULL, NULL, NULL),
('Supplement-157', 'SUPPLIER B', 'Vitamin Double C', 'R 239,00', 'R 272,46', 8, 28, NULL, NULL, NULL, NULL, NULL, NULL),
('Supplement-158', 'SUPPLIER B', 'Folic Acid 60\'s', 'R 166,50', 'R 189,81', 3, 10, NULL, NULL, NULL, NULL, NULL, NULL),
('Supplement-159', 'SUPPLIER B', 'Ginkgo Biloba Extract 30 x 200mg', 'R 223,00', 'R 254,22', 2, 48, NULL, NULL, NULL, NULL, NULL, NULL),
('Supplement-16', 'SUPPLIER G', 'Men 60+ 90\'s', 'R 245,00', 'R 279,30', 5, 25, NULL, NULL, NULL, NULL, NULL, NULL),
('Supplement-160', 'SUPPLIER G', 'Aloe Vera scrub', 'R 258,00', 'R 294,12', 2, 40, NULL, NULL, NULL, NULL, NULL, NULL),
('Supplement-161', 'SUPPLIER B', 'Glucose', 'R 199,00', 'R 226,86', 8, 20, NULL, NULL, NULL, NULL, NULL, NULL),
('Supplement-162', 'SUPPLIER G', 'Olive healing gel', 'R 240,00', 'R 273,60', 4, 32, NULL, NULL, NULL, NULL, NULL, NULL),
('Supplement-163', 'SUPPLIER B', 'Green tea extract 60\'s', 'R 155,00', 'R 176,70', 10, 43, NULL, NULL, NULL, NULL, NULL, NULL),
('Supplement-164', 'SUPPLIER B', 'Natural sleep formula 120\'s', 'R 254,00', 'R 289,56', 8, 24, NULL, NULL, NULL, NULL, NULL, NULL),
('Supplement-165', 'SUPPLIER H', 'Honey scrub', 'R 271,00', 'R 308,94', 9, 49, NULL, NULL, NULL, NULL, NULL, NULL),
('Supplement-166', 'SUPPLIER B', 'Homocysteine lowering support 60\'s', 'R 179,00', 'R 204,06', 6, 42, NULL, NULL, NULL, NULL, NULL, NULL),
('Supplement-167', 'SUPPLIER B', 'Hormone balance 120\'s', 'R 194,00', 'R 221,16', 1, 35, NULL, NULL, NULL, NULL, NULL, NULL),
('Supplement-168', 'SUPPLIER G', 'Stress relief 120\'s', 'R 194,00', 'R 221,16', 5, 29, NULL, NULL, NULL, NULL, NULL, NULL),
('Supplement-169', 'SUPPLIER H', 'Coffee scrub', 'R 222,00', 'R 253,08', 6, 33, NULL, NULL, NULL, NULL, NULL, NULL),
('Supplement-17', 'SUPPLIER G', 'Children 120\'s', 'R 230,33', 'R 262,58', 8, 36, NULL, NULL, NULL, NULL, NULL, NULL),
('Supplement-170', 'SUPPLIER B', 'Inflammation and pain support 120\'s', 'R 221,00', 'R 251,94', 3, 21, NULL, NULL, NULL, NULL, NULL, NULL),
('Supplement-171', 'SUPPLIER H', 'Aloe Vera scrub', 'R 382,00', 'R 435,48', 5, 25, NULL, NULL, NULL, NULL, NULL, NULL),
('Supplement-172', 'SUPPLIER B', 'Iron Plus 30\'s', 'R 185,00', 'R 210,90', 6, 12, NULL, NULL, NULL, NULL, NULL, NULL),
('Supplement-173', 'SUPPLIER B', 'Krill Oil Omega 3 60\'s', 'R 283,00', 'R 322,62', 5, 5, NULL, NULL, NULL, NULL, NULL, NULL),
('Supplement-174', 'SUPPLIER H', 'Olive healing gel', 'R 306,00', 'R 348,84', 4, 42, NULL, NULL, NULL, NULL, NULL, NULL),
('Supplement-175', 'SUPPLIER B', 'Cellfood 30ml', 'R 282,00', 'R 321,48', 8, 18, NULL, NULL, NULL, NULL, NULL, NULL),
('Supplement-176', 'SUPPLIER B', 'Women Adult 90\'s', 'R 179,00', 'R 204,06', 1, 11, NULL, NULL, NULL, NULL, NULL, NULL),
('Supplement-177', 'SUPPLIER B', 'Women 60+ 90\'s', 'R 217,00', 'R 247,38', 2, 28, NULL, NULL, NULL, NULL, NULL, NULL),
('Supplement-178', 'SUPPLIER B', 'Men Adult 90\'s', 'R 217,33', 'R 247,76', 7, 20, NULL, NULL, NULL, NULL, NULL, NULL),
('Supplement-179', 'SUPPLIER H', 'Stress relief 120\'s', 'R 290,00', 'R 330,60', 8, 23, NULL, NULL, NULL, NULL, NULL, NULL),
('Supplement-18', 'SUPPLIER B', 'Krill Oil Omega 3 60\'s', 'R 153,00', 'R 174,42', 3, 38, NULL, NULL, NULL, NULL, NULL, NULL),
('Supplement-180', 'SUPPLIER H', 'Appetite control chewies 40\'s', 'R 179,00', 'R 204,06', 6, 4, NULL, NULL, NULL, NULL, NULL, NULL),
('Supplement-181', 'SUPPLIER I', 'Omega 3 Double Strength 60\'s', 'R 211,00', 'R 240,54', 7, 27, NULL, NULL, NULL, NULL, NULL, NULL),
('Supplement-182', 'SUPPLIER B', 'Men 60+ 90\'s', 'R 239,00', 'R 272,46', 2, 6, NULL, NULL, NULL, NULL, NULL, NULL),
('Supplement-183', 'SUPPLIER I', 'Skin Formula 60\'s', 'R 266,00', 'R 303,24', 9, 29, NULL, NULL, NULL, NULL, NULL, NULL),
('Supplement-184', 'SUPPLIER I', 'Krill Oil 30\'s', 'R 317,00', 'R 361,38', 2, 19, NULL, NULL, NULL, NULL, NULL, NULL),
('Supplement-185', 'SUPPLIER I', 'Anti-Anxiety tables 30\'s', 'R 184,00', 'R 209,76', 6, 20, NULL, NULL, NULL, NULL, NULL, NULL),
('Supplement-186', 'SUPPLIER B', 'Children 120\'s', 'R 229,00', 'R 261,06', 5, 4, NULL, NULL, NULL, NULL, NULL, NULL),
('Supplement-187', 'SUPPLIER B', 'Women Teens 120\'s', 'R 168,00', 'R 191,52', 7, 42, NULL, NULL, NULL, NULL, NULL, NULL),
('Supplement-188', 'SUPPLIER G', 'Appetite control chewies 40\'s', 'R 169,00', 'R 192,66', 10, 30, NULL, NULL, NULL, NULL, NULL, NULL),
('Supplement-189', 'SUPPLIER B', 'Men Teens 120\'s', 'R 140,00', 'R 159,60', 4, 42, NULL, NULL, NULL, NULL, NULL, NULL),
('Supplement-19', 'SUPPLIER B', 'Cellfood 30ml', 'R 107,00', 'R 121,98', 4, 40, NULL, NULL, NULL, NULL, NULL, NULL),
('Supplement-190', 'SUPPLIER I', 'Burnout Support 60\'s', 'R 266,00', 'R 303,24', 1, 31, NULL, NULL, NULL, NULL, NULL, NULL),
('Supplement-191', 'SUPPLIER I', 'Natural Antibiotics 120\'s', 'R 296,00', 'R 337,44', 1, 25, NULL, NULL, NULL, NULL, NULL, NULL),
('Supplement-192', 'SUPPLIER B', 'Babies 60\'s', 'R 232,00', 'R 264,48', 7, 24, NULL, NULL, NULL, NULL, NULL, NULL),
('Supplement-193', 'SUPPLIER G', 'Airmune Effervescent', 'R 234,00', 'R 266,76', 10, 2, NULL, NULL, NULL, NULL, NULL, NULL),
('Supplement-194', 'SUPPLIER I', 'Anti-Cholesterol 60\'s', 'R 241,00', 'R 274,74', 4, 15, NULL, NULL, NULL, NULL, NULL, NULL),
('Supplement-195', 'SUPPLIER I', 'Natural Probiotic 120\'s', 'R 271,00', 'R 308,94', 10, 7, NULL, NULL, NULL, NULL, NULL, NULL),
('Supplement-196', 'SUPPLIER I', 'Collagen Complex 60\'s', 'R 299,00', 'R 340,86', 8, 14, NULL, NULL, NULL, NULL, NULL, NULL),
('Supplement-197', 'SUPPLIER I', 'Anti-inflammatory control 120\'s', 'R 274,00', 'R 312,36', 2, 5, NULL, NULL, NULL, NULL, NULL, NULL),
('Supplement-198', 'SUPPLIER I', 'Appetite control 60\'s', 'R 202,00', 'R 230,28', 4, 37, NULL, NULL, NULL, NULL, NULL, NULL),
('Supplement-199', 'SUPPLIER I', 'Women Adult 60\'s', 'R 267,00', 'R 304,38', 1, 26, NULL, NULL, NULL, NULL, NULL, NULL),
('Supplement-2', 'SUPPLIER B', 'Homocysteine lowering support 60\'s', 'R 215,00', 'R 245,10', 1, 41, NULL, NULL, NULL, NULL, NULL, NULL),
('Supplement-20', 'SUPPLIER B', 'Women Adult 90\'s', 'R 173,00', 'R 197,22', 4, 18, NULL, NULL, NULL, NULL, NULL, NULL),
('Supplement-200', 'SUPPLIER I', 'Women Adult 50+ 60\'s', 'R 242,00', 'R 275,88', 5, 12, NULL, NULL, NULL, NULL, NULL, NULL),
('Supplement-201', 'SUPPLIER I', 'Women Adult 70+ 60\'s', 'R 244,00', 'R 278,16', 4, 45, NULL, NULL, NULL, NULL, NULL, NULL),
('Supplement-202', 'SUPPLIER I', 'Men Adult 60\'s', 'R 210,00', 'R 239,40', 10, 46, NULL, NULL, NULL, NULL, NULL, NULL),
('Supplement-203', 'SUPPLIER I', 'Men Adult 50+ 60\'s', 'R 342,00', 'R 389,88', 6, 29, NULL, NULL, NULL, NULL, NULL, NULL),
('Supplement-204', 'SUPPLIER I', 'Vitamin K2 30\'s', 'R 305,00', 'R 347,70', 6, 25, NULL, NULL, NULL, NULL, NULL, NULL),
('Supplement-205', 'SUPPLIER I', 'Garcinia Tablets 60\'s', 'R 268,00', 'R 305,52', 7, 10, NULL, NULL, NULL, NULL, NULL, NULL),
('Supplement-206', 'SUPPLIER I', 'Calmag 120\'s', 'R 291,00', 'R 331,74', 6, 15, NULL, NULL, NULL, NULL, NULL, NULL),
('Supplement-207', 'SUPPLIER G', 'Breather Inhaler', 'R 552,20', 'R 629,51', 4, 1, NULL, NULL, NULL, NULL, NULL, NULL),
('Supplement-208', 'SUPPLIER I', 'Chromium 90\'s', 'R 252,00', 'R 287,28', 9, 35, NULL, NULL, NULL, NULL, NULL, NULL),
('Supplement-209', 'SUPPLIER B', 'Airmune Effervescent', 'R 180,00', 'R 205,20', 5, 21, NULL, NULL, NULL, NULL, NULL, NULL),
('Supplement-21', 'SUPPLIER A', 'Anti-Anxiety tables 30\'s', 'R 263,00', 'R 299,82', 6, 17, NULL, NULL, NULL, NULL, NULL, NULL),
('Supplement-210', 'SUPPLIER B', 'Breather Inhaler', 'R 171,00', 'R 194,94', 1, 42, NULL, NULL, NULL, NULL, NULL, NULL),
('Supplement-211', 'SUPPLIER B', 'Ozone Healing Gel', 'R 211,00', 'R 240,54', 10, 33, NULL, NULL, NULL, NULL, NULL, NULL),
('Supplement-212', 'SUPPLIER I', 'Iron Plus 30\'s', 'R 264,00', 'R 300,96', 9, 28, NULL, NULL, NULL, NULL, NULL, NULL),
('Supplement-213', 'SUPPLIER I', 'Vitamin D3 60\'s', 'R 228,00', 'R 259,92', 9, 35, NULL, NULL, NULL, NULL, NULL, NULL),
('Supplement-214', 'SUPPLIER G', 'Ozone Healing Gel', 'R 231,00', 'R 263,34', 3, 30, NULL, NULL, NULL, NULL, NULL, NULL),
('Supplement-215', 'SUPPLIER I', 'Curcumin 30\'s', 'R 248,00', 'R 282,72', 10, 20, NULL, NULL, NULL, NULL, NULL, NULL),
('Supplement-216', 'SUPPLIER B', 'Honey scrub', 'R 316,00', 'R 360,24', 6, 12, NULL, NULL, NULL, NULL, NULL, NULL),
('Supplement-217', 'SUPPLIER I', 'Milk Thistle Extract 90\'s', 'R 329,00', 'R 375,06', 8, 5, NULL, NULL, NULL, NULL, NULL, NULL),
('Supplement-218', 'SUPPLIER B', 'Coffee scrub', 'R 202,00', 'R 230,28', 8, 16, NULL, NULL, NULL, NULL, NULL, NULL),
('Supplement-219', 'SUPPLIER I', 'Natural memory support 60\'s', 'R 215,00', 'R 245,10', 9, 23, NULL, NULL, NULL, NULL, NULL, NULL),
('Supplement-22', 'SUPPLIER B', 'Women 60+ 90\'s', 'R 163,00', 'R 185,82', 6, 36, NULL, NULL, NULL, NULL, NULL, NULL),
('Supplement-220', 'SUPPLIER B', 'Aloe Vera scrub', 'R 281,00', 'R 320,34', 7, 35, NULL, NULL, NULL, NULL, NULL, NULL),
('Supplement-221', 'SUPPLIER B', 'Olive healing gel', 'R 193,00', 'R 220,02', 4, 22, NULL, NULL, NULL, NULL, NULL, NULL),
('Supplement-222', 'SUPPLIER G', 'Honey scrub', 'R 309,00', 'R 352,26', 8, 6, NULL, NULL, NULL, NULL, NULL, NULL),
('Supplement-223', 'SUPPLIER G', 'Coffee scrub', 'R 315,00', 'R 359,10', 9, 24, NULL, NULL, NULL, NULL, NULL, NULL),
('Supplement-224', 'SUPPLIER G', 'Aloe Vera scrub', 'R 272,00', 'R 310,08', 4, 47, NULL, NULL, NULL, NULL, NULL, NULL),
('Supplement-225', 'SUPPLIER G', 'Olive healing gel', 'R 186,50', 'R 212,61', 5, 31, NULL, NULL, NULL, NULL, NULL, NULL),
('Supplement-226', 'SUPPLIER G', 'Stress relief 120\'s', 'R 132,00', 'R 150,48', 9, 36, NULL, NULL, NULL, NULL, NULL, NULL),
('Supplement-227', 'SUPPLIER G', 'Appetite control chewies 40\'s', 'R 292,00', 'R 332,88', 10, 9, NULL, NULL, NULL, NULL, NULL, NULL),
('Supplement-228', 'SUPPLIER C', 'Milk Thistle Extract 90\'s', 'R 197,16', 'R 224,76', 6, 28, NULL, NULL, NULL, NULL, NULL, NULL),
('Supplement-229', 'SUPPLIER C', 'Natural memory support 60\'s', 'R 156,20', 'R 178,07', 4, 24, NULL, NULL, NULL, NULL, NULL, NULL),
('Supplement-23', 'SUPPLIER B', 'Men Adult 90\'s', 'R 500,00', 'R 570,00', 9, 29, NULL, NULL, NULL, NULL, NULL, NULL),
('Supplement-230', 'SUPPLIER I', 'Calmag 120 x 600mg', 'R 216,00', 'R 246,24', 7, 8, NULL, NULL, NULL, NULL, NULL, NULL),
('Supplement-231', 'SUPPLIER I', 'Calcium Glycinate 60\'s', 'R 328,00', 'R 373,92', 7, 46, NULL, NULL, NULL, NULL, NULL, NULL),
('Supplement-232', 'SUPPLIER I', 'Chromium Polynicotinate 90 x 100mg', 'R 295,00', 'R 336,30', 2, 8, NULL, NULL, NULL, NULL, NULL, NULL),
('Supplement-233', 'SUPPLIER I', 'Curcumin 60s', 'R 237,71', 'R 270,99', 9, 15, NULL, NULL, NULL, NULL, NULL, NULL),
('Supplement-234', 'SUPPLIER I', 'Vitamin C', 'R 270,00', 'R 307,80', 10, 48, NULL, NULL, NULL, NULL, NULL, NULL),
('Supplement-235', 'SUPPLIER C', 'Calmag 120 x 600mg', 'R 192,89', 'R 219,89', 8, 37, NULL, NULL, NULL, NULL, NULL, NULL),
('Supplement-236', 'SUPPLIER I', 'Vitamin Double C', 'R 205,00', 'R 233,70', 7, 32, NULL, NULL, NULL, NULL, NULL, NULL),
('Supplement-237', 'SUPPLIER I', 'Folic Acid 60\'s', 'R 186,00', 'R 212,04', 5, 44, NULL, NULL, NULL, NULL, NULL, NULL),
('Supplement-238', 'SUPPLIER I', 'Ginkgo Biloba Extract 30 x 200mg', 'R 211,00', 'R 240,54', 3, 34, NULL, NULL, NULL, NULL, NULL, NULL),
('Supplement-239', 'SUPPLIER B', 'Stress relief 120\'s', 'R 261,00', 'R 297,54', 9, 36, NULL, NULL, NULL, NULL, NULL, NULL),
('Supplement-24', 'SUPPLIER C', 'Natural Antibiotics 120\'s', 'R 202,31', 'R 230,63', 1, 10, NULL, NULL, NULL, NULL, NULL, NULL),
('Supplement-240', 'SUPPLIER B', 'Appetite control chewies 40\'s', 'R 144,00', 'R 164,16', 3, 37, NULL, NULL, NULL, NULL, NULL, NULL),
('Supplement-241', 'SUPPLIER I', 'Glucose', 'R 238,00', 'R 271,32', 1, 46, NULL, NULL, NULL, NULL, NULL, NULL),
('Supplement-242', 'SUPPLIER I', 'Green tea extract 60\'s', 'R 269,00', 'R 306,66', 4, 5, NULL, NULL, NULL, NULL, NULL, NULL),
('Supplement-243', 'SUPPLIER I', 'Natural sleep formula 120\'s', 'R 154,00', 'R 175,56', 2, 19, NULL, NULL, NULL, NULL, NULL, NULL),
('Supplement-244', 'SUPPLIER B', 'Omega 3 Double Strength 60\'s', 'R 281,00', 'R 320,34', 7, 49, NULL, NULL, NULL, NULL, NULL, NULL),
('Supplement-245', 'SUPPLIER E', 'Iron Plus 30\'s', 'R 288,80', 'R 329,23', 9, 40, NULL, NULL, NULL, NULL, NULL, NULL),
('Supplement-25', 'SUPPLIER B', 'Men 60+ 90\'s', 'R 275,00', 'R 313,50', 7, 35, NULL, NULL, NULL, NULL, NULL, NULL),
('Supplement-26', 'SUPPLIER A', 'Burnout Support 60\'s', 'R 248,00', 'R 282,72', 6, 17, NULL, NULL, NULL, NULL, NULL, NULL),
('Supplement-27', 'SUPPLIER A', 'Natural Antibiotics 120\'s', 'R 205,00', 'R 233,70', 3, 8, NULL, NULL, NULL, NULL, NULL, NULL),
('Supplement-28', 'SUPPLIER D', 'Calcium Glycinate 60\'s', 'R 263,00', 'R 299,82', 8, 29, NULL, NULL, NULL, NULL, NULL, NULL),
('Supplement-29', 'SUPPLIER B', 'Children 120\'s', 'R 210,00', 'R 239,40', 9, 33, NULL, NULL, NULL, NULL, NULL, NULL),
('Supplement-3', 'SUPPLIER C', 'Skin Formula 60\'s', 'R 216,81', 'R 247,16', 1, 22, NULL, NULL, NULL, NULL, NULL, NULL),
('Supplement-30', 'SUPPLIER A', 'Anti-Cholesterol 60\'s', 'R 298,00', 'R 339,72', 7, 28, NULL, NULL, NULL, NULL, NULL, NULL),
('Supplement-31', 'SUPPLIER C', 'Anti-Cholesterol 60\'s', 'R 127,62', 'R 145,49', 3, 43, NULL, NULL, NULL, NULL, NULL, NULL),
('Supplement-32', 'SUPPLIER B', 'Women Teens 120\'s', 'R 203,00', 'R 231,42', 5, 22, NULL, NULL, NULL, NULL, NULL, NULL),
('Supplement-33', 'SUPPLIER A', 'Natural Probiotic 120\'s', 'R 217,00', 'R 247,38', 1, 23, NULL, NULL, NULL, NULL, NULL, NULL),
('Supplement-34', 'SUPPLIER A', 'Collagen Complex 60\'s', 'R 257,00', 'R 292,98', 6, 3, NULL, NULL, NULL, NULL, NULL, NULL),
('Supplement-35', 'SUPPLIER A', 'Anti-inflammatory control 120\'s', '140', 'R 159,60', 10, 4, NULL, NULL, NULL, NULL, NULL, NULL),
('Supplement-36', 'SUPPLIER A', 'Appetite control 60\'s', 'R 237,00', 'R 270,18', 6, 23, NULL, NULL, NULL, NULL, NULL, NULL),
('Supplement-37', 'SUPPLIER C', 'Natural Probiotic 120\'s', 'R 196,54', 'R 224,06', 8, 2, NULL, NULL, NULL, NULL, NULL, NULL),
('Supplement-38', 'SUPPLIER B', 'Men Teens 120\'s', 'R 194,00', 'R 221,16', 6, 9, NULL, NULL, NULL, NULL, NULL, NULL),
('Supplement-39', 'SUPPLIER B', 'Babies 60\'s', 'R 232,00', 'R 264,48', 1, 35, NULL, NULL, NULL, NULL, NULL, NULL),
('Supplement-4', 'SUPPLIER B', 'Hormone balance 120\'s', 'R 222,00', 'R 253,08', 10, 13, NULL, NULL, NULL, NULL, NULL, NULL),
('Supplement-40', 'SUPPLIER C', 'Collagen Complex 60\'s', 'R 126,47', 'R 144,18', 10, 5, NULL, NULL, NULL, NULL, NULL, NULL),
('Supplement-41', 'SUPPLIER F', 'Krill Oil Omega 3 60\'s', 'R 164,00', 'R 186,96', 6, 29, NULL, NULL, NULL, NULL, NULL, NULL),
('Supplement-42', 'SUPPLIER B', 'Airmune Effervescent', 'R 355,00', 'R 404,70', 10, 17, NULL, NULL, NULL, NULL, NULL, NULL),
('Supplement-43', 'SUPPLIER A', 'Women Adult 60\'s', 'R 199,00', 'R 226,86', 5, 5, NULL, NULL, NULL, NULL, NULL, NULL),
('Supplement-44', 'SUPPLIER A', 'Women Adult 50+ 60\'s', 'R 222,00', 'R 253,08', 5, 24, NULL, NULL, NULL, NULL, NULL, NULL),
('Supplement-45', 'SUPPLIER B', 'Breather Inhaler', 'R 125,00', 'R 142,50', 9, 2, NULL, NULL, NULL, NULL, NULL, NULL),
('Supplement-46', 'SUPPLIER B', 'Ozone Healing Gel', 'R 174,00', 'R 198,36', 10, 3, NULL, NULL, NULL, NULL, NULL, NULL),
('Supplement-47', 'SUPPLIER C', 'Anti-inflammatory control 120\'s', 'R 247,05', 'R 281,64', 5, 10, NULL, NULL, NULL, NULL, NULL, NULL),
('Supplement-48', 'SUPPLIER B', 'Honey scrub', 'R 261,00', 'R 297,54', 2, 6, NULL, NULL, NULL, NULL, NULL, NULL),
('Supplement-49', 'SUPPLIER A', 'Women Adult 70+ 60\'s', 'R 232,00', 'R 264,48', 10, 38, NULL, NULL, NULL, NULL, NULL, NULL),
('Supplement-5', 'SUPPLIER B', 'Inflammation and pain support 120\'s', 'R 201,00', 'R 229,14', 8, 1, NULL, NULL, NULL, NULL, NULL, NULL),
('Supplement-50', 'SUPPLIER E', 'Folic Acid 60\'s', 'R 268,89', 'R 306,53', 4, 49, NULL, NULL, NULL, NULL, NULL, NULL),
('Supplement-51', 'SUPPLIER E', 'Ginkgo Biloba Extract 30 x 200mg', 'R 134,06', 'R 152,83', 1, 15, NULL, NULL, NULL, NULL, NULL, NULL),
('Supplement-52', 'SUPPLIER E', 'Glucose', 'R 157,58', 'R 179,64', 5, 33, NULL, NULL, NULL, NULL, NULL, NULL),
('Supplement-53', 'SUPPLIER E', 'Green tea extract 60\'s', 'R 170,05', 'R 193,86', 7, 17, NULL, NULL, NULL, NULL, NULL, NULL),
('Supplement-54', 'SUPPLIER E', 'Natural sleep formula 120\'s', 'R 225,58', 'R 257,16', 10, 16, NULL, NULL, NULL, NULL, NULL, NULL),
('Supplement-55', 'SUPPLIER E', 'Homocysteine lowering support 60\'s', 'R 146,56', 'R 167,08', 3, 48, NULL, NULL, NULL, NULL, NULL, NULL),
('Supplement-56', 'SUPPLIER E', 'Hormone balance 120\'s', 'R 4 198,00', 'R 4 785,72', 10, 15, NULL, NULL, NULL, NULL, NULL, NULL),
('Supplement-57', 'SUPPLIER C', 'Appetite control 60\'s', 'R 168,39', 'R 191,96', 4, 9, NULL, NULL, NULL, NULL, NULL, NULL),
('Supplement-58', 'SUPPLIER C', 'Women Adult 60\'s', 'R 203,46', 'R 231,94', 3, 41, NULL, NULL, NULL, NULL, NULL, NULL),
('Supplement-59', 'SUPPLIER C', 'Women Adult 50+ 60\'s', 'R 174,00', 'R 198,36', 4, 39, NULL, NULL, NULL, NULL, NULL, NULL),
('Supplement-6', 'SUPPLIER A', 'Skin Formula 60\'s', 'R 259,00', 'R 295,26', 5, 36, NULL, NULL, NULL, NULL, NULL, NULL),
('Supplement-60', 'SUPPLIER B', 'Coffee scrub', 'R 202,00', 'R 230,28', 10, 19, NULL, NULL, NULL, NULL, NULL, NULL),
('Supplement-61', 'SUPPLIER G', 'Women Teens 120\'s', 'R 212,00', 'R 241,68', 3, 11, NULL, NULL, NULL, NULL, NULL, NULL),
('Supplement-62', 'SUPPLIER E', 'Inflammation and pain support 120\'s', 'R 342,94', 'R 390,95', 10, 34, NULL, NULL, NULL, NULL, NULL, NULL),
('Supplement-63', 'SUPPLIER B', 'Aloe Vera scrub', 'R 143,00', 'R 163,02', 3, 26, NULL, NULL, NULL, NULL, NULL, NULL),
('Supplement-64', 'SUPPLIER B', 'Olive healing gel', 'R 141,00', 'R 160,74', 4, 6, NULL, NULL, NULL, NULL, NULL, NULL),
('Supplement-65', 'SUPPLIER B', 'Stress relief 120\'s', 'R 160,00', 'R 182,40', 2, 8, NULL, NULL, NULL, NULL, NULL, NULL),
('Supplement-66', 'SUPPLIER B', 'Appetite control chewies 40\'s', 'R 142,00', 'R 161,88', 2, 1, NULL, NULL, NULL, NULL, NULL, NULL),
('Supplement-67', 'SUPPLIER B', 'Omega 3 Double Strength 60\'s', 'R 104,00', 'R 118,56', 9, 39, NULL, NULL, NULL, NULL, NULL, NULL),
('Supplement-68', 'SUPPLIER B', 'Skin Formula 60\'s', 'R 211,00', 'R 240,54', 2, 18, NULL, NULL, NULL, NULL, NULL, NULL),
('Supplement-69', 'SUPPLIER B', 'Krill Oil 30\'s', 'R 162,00', 'R 184,68', 1, 48, NULL, NULL, NULL, NULL, NULL, NULL),
('Supplement-7', 'SUPPLIER C', 'Krill Oil 30\'s', 'R 221,00', 'R 251,94', 1, 34, NULL, NULL, NULL, NULL, NULL, NULL),
('Supplement-70', 'SUPPLIER B', 'Anti-Anxiety tables 30\'s', 'R 184,00', 'R 209,76', 2, 26, NULL, NULL, NULL, NULL, NULL, NULL),
('Supplement-71', 'SUPPLIER A', 'Men Adult 60\'s', 'R 310,00', 'R 353,40', 5, 3, NULL, NULL, NULL, NULL, NULL, NULL),
('Supplement-72', 'SUPPLIER A', 'Men Adult 50+ 60\'s', 'R 224,00', 'R 255,36', 1, 17, NULL, NULL, NULL, NULL, NULL, NULL),
('Supplement-73', 'SUPPLIER C', 'Women Adult 70+ 60\'s', 'R 235,77', 'R 268,78', 7, 36, NULL, NULL, NULL, NULL, NULL, NULL),
('Supplement-74', 'SUPPLIER A', 'Vitamin K2 30\'s', 'R 234,00', 'R 266,76', 1, 15, NULL, NULL, NULL, NULL, NULL, NULL),
('Supplement-75', 'SUPPLIER B', 'Burnout Support 60\'s', 'R 197,00', 'R 224,58', 6, 22, NULL, NULL, NULL, NULL, NULL, NULL),
('Supplement-76', 'SUPPLIER B', 'Natural Antibiotics 120\'s', 'R 275,00', 'R 313,50', 2, 8, NULL, NULL, NULL, NULL, NULL, NULL),
('Supplement-77', 'SUPPLIER A', 'Garcinia Tablets 60\'s', 'R 220,00', 'R 250,80', 1, 49, NULL, NULL, NULL, NULL, NULL, NULL),
('Supplement-78', 'SUPPLIER B', 'Anti-Cholesterol 60\'s', 'R 223,00', 'R 254,22', 10, 49, NULL, NULL, NULL, NULL, NULL, NULL),
('Supplement-79', 'SUPPLIER B', 'Natural Probiotic 120\'s', 'R 172,00', 'R 196,08', 3, 39, NULL, NULL, NULL, NULL, NULL, NULL),
('Supplement-8', 'SUPPLIER B', 'Iron Plus 30\'s', 'R 171,00', 'R 194,94', 1, 27, NULL, NULL, NULL, NULL, NULL, NULL),
('Supplement-80', 'SUPPLIER B', 'Collagen Complex 60\'s', 'R 258,00', 'R 294,12', 4, 36, NULL, NULL, NULL, NULL, NULL, NULL),
('Supplement-81', 'SUPPLIER B', 'Anti-inflammatory control 120\'s', 'R 287,00', 'R 327,18', 5, 43, NULL, NULL, NULL, NULL, NULL, NULL),
('Supplement-82', 'SUPPLIER B', 'Appetite control 60\'s', 'R 169,00', 'R 192,66', 10, 7, NULL, NULL, NULL, NULL, NULL, NULL),
('Supplement-83', 'SUPPLIER A', 'Calmag 120\'s', 'R 259,00', 'R 295,26', 1, 40, NULL, NULL, NULL, NULL, NULL, NULL),
('Supplement-84', 'SUPPLIER B', 'Women Adult 60\'s', 'R 142,00', 'R 161,88', 6, 6, NULL, NULL, NULL, NULL, NULL, NULL),
('Supplement-85', 'SUPPLIER A', 'Chromium 90\'s', 'R 223,00', 'R 254,22', 6, 31, NULL, NULL, NULL, NULL, NULL, NULL),
('Supplement-86', 'SUPPLIER A', 'Iron Plus 30\'s', 'R 177,00', 'R 201,78', 1, 45, NULL, NULL, NULL, NULL, NULL, NULL),
('Supplement-87', 'SUPPLIER A', 'Vitamin D3 60\'s', 'R 137,00', 'R 156,18', 5, 48, NULL, NULL, NULL, NULL, NULL, NULL),
('Supplement-88', 'SUPPLIER G', 'Men Teens 120\'s', 'R 306,03', 'R 348,87', 2, 17, NULL, NULL, NULL, NULL, NULL, NULL),
('Supplement-89', 'SUPPLIER C', 'Men Adult 60\'s', 'R 274,00', 'R 312,36', 2, 19, NULL, NULL, NULL, NULL, NULL, NULL),
('Supplement-9', 'SUPPLIER A', 'Krill Oil 30\'s', 'R 326,00', 'R 371,64', 8, 33, NULL, NULL, NULL, NULL, NULL, NULL),
('Supplement-90', 'SUPPLIER B', 'Women Adult 50+ 60\'s', 'R 159,00', 'R 181,26', 4, 19, NULL, NULL, NULL, NULL, NULL, NULL),
('Supplement-91', 'SUPPLIER A', 'Curcumin 30\'s', 'R 230,00', 'R 262,20', 6, 3, NULL, NULL, NULL, NULL, NULL, NULL),
('Supplement-92', 'SUPPLIER B', 'Women Adult 70+ 60\'s', 'R 232,00', 'R 264,48', 4, 20, NULL, NULL, NULL, NULL, NULL, NULL),
('Supplement-93', 'SUPPLIER C', 'Men Adult 50+ 60\'s', 'R 229,26', 'R 261,36', 5, 36, NULL, NULL, NULL, NULL, NULL, NULL),
('Supplement-94', 'SUPPLIER A', 'Milk Thistle Extract 90\'s', 'R 221,00', 'R 251,94', 6, 36, NULL, NULL, NULL, NULL, NULL, NULL),
('Supplement-95', 'SUPPLIER A', 'Natural memory support 60\'s', 'R 181,00', 'R 206,34', 8, 13, NULL, NULL, NULL, NULL, NULL, NULL),
('Supplement-96', 'SUPPLIER G', 'Calmag 120 x 600mg', 'R 176,00', 'R 200,64', 10, 6, NULL, NULL, NULL, NULL, NULL, NULL),
('Supplement-97', 'SUPPLIER G', 'Calcium Glycinate 60\'s', 'R 201,00', 'R 229,14', 4, 30, NULL, NULL, NULL, NULL, NULL, NULL),
('Supplement-98', 'SUPPLIER B', 'Men Adult 60\'s', 'R 191,00', 'R 217,74', 7, 49, NULL, NULL, NULL, NULL, NULL, NULL),
('Supplement-99', 'SUPPLIER G', 'Chromium Polynicotinate 90 x 100mg', 'R 185,00', 'R 210,90', 7, 22, NULL, NULL, NULL, NULL, NULL, NULL);

-- --------------------------------------------------------

--
-- Table structure for table `supplement`
--

CREATE TABLE `supplement` (
  `FIELD1` int(11) NOT NULL,
  `Suppl_id` varchar(14) NOT NULL,
  `Description` varchar(25) DEFAULT NULL,
  `Cost_excl` varchar(10) NOT NULL,
  `Cost_incl` varchar(10) NOT NULL,
  `Perc_inc` varchar(7) DEFAULT NULL,
  `Cost_client` varchar(10) NOT NULL,
  `Supplier_id` varchar(10) DEFAULT NULL,
  `Min_levels` int(11) NOT NULL,
  `Stock_levels` int(11) NOT NULL,
  `Nappicode` varchar(30) DEFAULT NULL,
  `FIELD12` varchar(30) DEFAULT NULL,
  `FIELD13` varchar(30) DEFAULT NULL,
  `FIELD14` varchar(30) DEFAULT NULL,
  `FIELD15` varchar(30) DEFAULT NULL,
  `FIELD16` varchar(30) DEFAULT NULL
) ENGINE=InnoDB DEFAULT CHARSET=utf8mb4;

--
-- Dumping data for table `supplement`
--

INSERT INTO `supplement` (`FIELD1`, `Suppl_id`, `Description`, `Cost_excl`, `Cost_incl`, `Perc_inc`, `Cost_client`, `Supplier_id`, `Min_levels`, `Stock_levels`, `Nappicode`, `FIELD12`, `FIELD13`, `FIELD14`, `FIELD15`, `FIELD16`) VALUES
(1, 'Supplement-1', 'Omega 3 Double Strength 6', 'R 313,00', 'R 356,82', 'R 30,00', 'R 386,82', 'SUPPLIER A', 10, 28, NULL, NULL, NULL, NULL, NULL, NULL),
(2, 'Supplement-2', 'Skin Formula 60\'s', 'R 215,00', 'R 245,10', 'R 40,00', 'R 285,10', 'SUPPLIER B', 1, 41, NULL, NULL, NULL, NULL, NULL, NULL),
(3, 'Supplement-3', 'Krill Oil 30\'s', 'R 216,81', 'R 247,16', 'R 35,00', 'R 282,16', 'SUPPLIER C', 1, 22, NULL, NULL, NULL, NULL, NULL, NULL),
(4, 'Supplement-4', '60', 'R 222,00', 'R 253,08', 'R 15,00', 'R 268,08', 'SUPPLIER B', 10, 13, NULL, NULL, NULL, NULL, NULL, NULL),
(5, 'Supplement-5', '60', 'R 201,00', 'R 229,14', 'R 40,00', 'R 269,14', 'SUPPLIER B', 8, 1, NULL, NULL, NULL, NULL, NULL, NULL),
(6, 'Supplement-6', '60', 'R 259,00', 'R 295,26', 'R 20,00', 'R 315,26', 'SUPPLIER A', 5, 36, NULL, NULL, NULL, NULL, NULL, NULL),
(7, 'Supplement-7', '60', 'R 221,00', 'R 251,94', 'R 35,00', 'R 286,94', 'SUPPLIER C', 1, 34, NULL, NULL, NULL, NULL, NULL, NULL),
(8, 'Supplement-8', '60', 'R 171,00', 'R 194,94', 'R 40,00', 'R 234,94', 'SUPPLIER B', 1, 27, NULL, NULL, NULL, NULL, NULL, NULL),
(9, 'Supplement-9', '90', 'R 326,00', 'R 371,64', 'R 15,00', 'R 386,64', 'SUPPLIER A', 8, 33, NULL, NULL, NULL, NULL, NULL, NULL),
(10, 'Supplement-10', '180g powder', 'R 195,86', 'R 223,28', 'R 60,00', 'R 283,28', 'SUPPLIER C', 4, 2, NULL, NULL, NULL, NULL, NULL, NULL),
(11, 'Supplement-11', NULL, 'R 147,85', 'R 168,55', 'R 60,00', 'R 228,55', 'SUPPLIER C', 7, 49, NULL, NULL, NULL, NULL, NULL, NULL),
(12, 'Supplement-12', NULL, 'R 262,00', 'R 298,68', 'R 15,00', 'R 313,68', NULL, 1, 13, NULL, NULL, NULL, NULL, NULL, NULL),
(13, 'Supplement-13', NULL, 'R 136,00', 'R 155,04', 'R 15,00', 'R 170,04', NULL, 8, 44, NULL, NULL, NULL, NULL, NULL, NULL),
(14, 'Supplement-14', '113g', 'R 278,13', 'R 317,07', 'R 25,00', 'R 342,07', NULL, 6, 37, NULL, NULL, NULL, NULL, NULL, NULL),
(15, 'Supplement-15', NULL, 'R 330,00', 'R 376,20', 'R 15,00', 'R 391,20', NULL, 7, 37, NULL, NULL, NULL, NULL, NULL, NULL),
(16, 'Supplement-16', NULL, 'R 245,00', 'R 279,30', 'R 15,00', 'R 294,30', NULL, 5, 25, NULL, NULL, NULL, NULL, NULL, NULL),
(17, 'Supplement-17', '118ml', 'R 230,33', 'R 262,58', 'R 25,00', 'R 287,58', NULL, 8, 36, NULL, NULL, NULL, NULL, NULL, NULL),
(18, 'Supplement-18', '30', 'R 153,00', 'R 174,42', 'R 40,00', 'R 214,42', 'SUPPLIER B', 3, 38, NULL, NULL, NULL, NULL, NULL, NULL),
(19, 'Supplement-19', '750ml', 'R 107,00', 'R 121,98', 'R 40,00', 'R 161,98', 'SUPPLIER B', 4, 40, NULL, NULL, NULL, NULL, NULL, NULL),
(20, 'Supplement-20', '60', 'R 173,00', 'R 197,22', 'R 40,00', 'R 237,22', 'SUPPLIER B', 4, 18, NULL, NULL, NULL, NULL, NULL, NULL),
(21, 'Supplement-21', '30 one month suupply', 'R 263,00', 'R 299,82', 'R 30,00', 'R 329,82', 'SUPPLIER A', 6, 17, NULL, NULL, NULL, NULL, NULL, NULL),
(22, 'Supplement-22', '60', 'R 163,00', 'R 185,82', 'R 40,00', 'R 225,82', 'SUPPLIER B', 6, 36, NULL, NULL, NULL, NULL, NULL, NULL),
(23, 'Supplement-23', '240', 'R 500,00', 'R 570,00', 'R 40,00', 'R 610,00', 'SUPPLIER B', 9, 29, NULL, NULL, NULL, NULL, NULL, NULL),
(24, 'Supplement-24', '30', 'R 202,31', 'R 230,63', 'R 60,00', 'R 290,63', 'SUPPLIER C', 1, 10, NULL, NULL, NULL, NULL, NULL, NULL),
(25, 'Supplement-25', '90', 'R 275,00', 'R 313,50', 'R 40,00', 'R 353,50', 'SUPPLIER B', 7, 35, NULL, NULL, NULL, NULL, NULL, NULL),
(26, 'Supplement-26', '120', 'R 248,00', 'R 282,72', 'R 25,00', 'R 307,72', 'SUPPLIER A', 6, 17, NULL, NULL, NULL, NULL, NULL, NULL),
(27, 'Supplement-27', NULL, 'R 205,00', 'R 233,70', 'R 30,00', 'R 263,70', 'SUPPLIER A', 3, 8, NULL, NULL, NULL, NULL, NULL, NULL),
(28, 'Supplement-28', '60', 'R 263,00', 'R 299,82', 'R 30,00', 'R 329,82', 'SUPPLIER D', 8, 29, NULL, NULL, NULL, NULL, NULL, NULL),
(29, 'Supplement-29', '60', 'R 210,00', 'R 239,40', 'R 25,00', 'R 264,40', 'SUPPLIER B', 9, 33, NULL, NULL, NULL, NULL, NULL, NULL),
(30, 'Supplement-30', '400g', 'R 298,00', 'R 339,72', 'R 20,00', 'R 359,72', 'SUPPLIER A', 7, 28, NULL, NULL, NULL, NULL, NULL, NULL),
(31, 'Supplement-31', '60', 'R 127,62', 'R 145,49', 'R 40,00', 'R 185,49', 'SUPPLIER C', 3, 43, NULL, NULL, NULL, NULL, NULL, NULL),
(32, 'Supplement-32', '60', 'R 203,00', 'R 231,42', 'R 40,00', 'R 271,42', 'SUPPLIER B', 5, 22, NULL, NULL, NULL, NULL, NULL, NULL),
(33, 'Supplement-33', '60', 'R 217,00', 'R 247,38', 'R 25,00', 'R 272,38', 'SUPPLIER A', 1, 23, NULL, NULL, NULL, NULL, NULL, NULL),
(34, 'Supplement-34', '60', 'R 257,00', 'R 292,98', 'R 0,00', 'R 292,98', 'SUPPLIER A', 6, 3, NULL, NULL, NULL, NULL, NULL, NULL),
(35, 'Supplement-35', '60', '140', 'R 159,60', NULL, 'R 159,60', 'SUPPLIER A', 10, 4, NULL, NULL, NULL, NULL, NULL, NULL),
(36, 'Supplement-36', '60\'s', 'R 237,00', 'R 270,18', 'R 25,00', 'R 295,18', 'SUPPLIER A', 6, 23, NULL, NULL, NULL, NULL, NULL, NULL),
(37, 'Supplement-37', '60', 'R 196,54', 'R 224,06', 'R 60,00', 'R 284,06', 'SUPPLIER C', 8, 2, NULL, NULL, NULL, NULL, NULL, NULL),
(38, 'Supplement-38', '120', 'R 194,00', 'R 221,16', 'R 20,00', 'R 241,16', 'SUPPLIER B', 6, 9, NULL, NULL, NULL, NULL, NULL, NULL),
(39, 'Supplement-39', '180', 'R 232,00', 'R 264,48', 'R 40,00', 'R 304,48', 'SUPPLIER B', 1, 35, NULL, NULL, NULL, NULL, NULL, NULL),
(40, 'Supplement-40', '90', 'R 126,47', 'R 144,18', 'R 40,00', 'R 184,18', 'SUPPLIER C', 10, 5, NULL, NULL, NULL, NULL, NULL, NULL),
(41, 'Supplement-41', '90', 'R 164,00', 'R 186,96', 'R 40,00', 'R 226,96', 'SUPPLIER F', 6, 29, NULL, NULL, NULL, NULL, NULL, NULL),
(42, 'Supplement-42', '60', 'R 355,00', 'R 404,70', 'R 30,00', 'R 434,70', 'SUPPLIER B', 10, 17, NULL, NULL, NULL, NULL, NULL, NULL),
(43, 'Supplement-43', '60', 'R 199,00', 'R 226,86', 'R 25,00', 'R 251,86', 'SUPPLIER A', 5, 5, NULL, NULL, NULL, NULL, NULL, NULL),
(44, 'Supplement-44', '60', 'R 222,00', 'R 253,08', 'R 25,00', 'R 278,08', 'SUPPLIER A', 5, 24, NULL, NULL, NULL, NULL, NULL, NULL),
(45, 'Supplement-45', '90', 'R 125,00', 'R 142,50', 'R 40,00', 'R 182,50', 'SUPPLIER B', 9, 2, NULL, NULL, NULL, NULL, NULL, NULL),
(46, 'Supplement-46', '60', 'R 174,00', 'R 198,36', 'R 40,00', 'R 238,36', 'SUPPLIER B', 10, 3, NULL, NULL, NULL, NULL, NULL, NULL),
(47, 'Supplement-47', '90', 'R 247,05', 'R 281,64', 'R 60,00', 'R 341,64', 'SUPPLIER C', 5, 10, NULL, NULL, NULL, NULL, NULL, NULL),
(48, 'Supplement-48', '60', 'R 261,00', 'R 297,54', 'R 15,00', 'R 312,54', 'SUPPLIER B', 2, 6, NULL, NULL, NULL, NULL, NULL, NULL),
(49, 'Supplement-49', '30', 'R 232,00', 'R 264,48', 'R 30,00', 'R 294,48', 'SUPPLIER A', 10, 38, NULL, NULL, NULL, NULL, NULL, NULL),
(50, 'Supplement-50', '2.5 litre', 'R 268,89', 'R 306,53', 'R 60,00', 'R 366,53', 'SUPPLIER E', 4, 49, NULL, NULL, NULL, NULL, NULL, NULL),
(51, 'Supplement-51', '200ml', 'R 134,06', 'R 152,83', 'R 40,00', 'R 192,83', 'SUPPLIER E', 1, 15, NULL, NULL, NULL, NULL, NULL, NULL),
(52, 'Supplement-52', '500ml glass', 'R 157,58', 'R 179,64', 'R 40,00', 'R 219,64', 'SUPPLIER E', 5, 33, NULL, NULL, NULL, NULL, NULL, NULL),
(53, 'Supplement-53', '120ml jar', 'R 170,05', 'R 193,86', 'R 40,00', 'R 233,86', 'SUPPLIER E', 7, 17, NULL, NULL, NULL, NULL, NULL, NULL),
(54, 'Supplement-54', '110ml jar', 'R 225,58', 'R 257,16', 'R 40,00', 'R 297,16', 'SUPPLIER E', 10, 16, NULL, NULL, NULL, NULL, NULL, NULL),
(55, 'Supplement-55', '22ml', 'R 146,56', 'R 167,08', 'R 40,00', 'R 207,08', 'SUPPLIER E', 3, 48, NULL, NULL, NULL, NULL, NULL, NULL),
(56, 'Supplement-56', '200ml glass', 'R 4 198,00', 'R 4 785,72', 'R 40,00', 'R 4 825,72', 'SUPPLIER E', 10, 15, NULL, NULL, NULL, NULL, NULL, NULL),
(57, 'Supplement-57', '250ml', 'R 168,39', 'R 191,96', 'R 40,00', 'R 231,96', 'SUPPLIER C', 4, 9, NULL, NULL, NULL, NULL, NULL, NULL),
(58, 'Supplement-58', '60', 'R 203,46', 'R 231,94', 'R 40,00', 'R 271,94', 'SUPPLIER C', 3, 41, NULL, NULL, NULL, NULL, NULL, NULL),
(59, 'Supplement-59', '200g', 'R 174,00', 'R 198,36', 'R 60,00', 'R 258,36', 'SUPPLIER C', 4, 39, NULL, NULL, NULL, NULL, NULL, NULL),
(60, 'Supplement-60', '180', 'R 202,00', 'R 230,28', 'R 40,00', 'R 270,28', 'SUPPLIER B', 10, 19, NULL, NULL, NULL, NULL, NULL, NULL),
(61, 'Supplement-61', '60', 'R 212,00', 'R 241,68', 'R 40,00', 'R 281,68', NULL, 3, 11, NULL, NULL, NULL, NULL, NULL, NULL),
(62, 'Supplement-62', 'powder', 'R 342,94', 'R 390,95', 'R 10,00', 'R 400,95', 'SUPPLIER E', 10, 34, NULL, NULL, NULL, NULL, NULL, NULL),
(63, 'Supplement-63', 'Powder', 'R 143,00', 'R 163,02', 'R 40,00', 'R 203,02', 'SUPPLIER B', 3, 26, NULL, NULL, NULL, NULL, NULL, NULL),
(64, 'Supplement-64', 'Powder', 'R 141,00', 'R 160,74', 'R 40,00', 'R 200,74', 'SUPPLIER B', 4, 6, NULL, NULL, NULL, NULL, NULL, NULL),
(65, 'Supplement-65', 'Powder', 'R 160,00', 'R 182,40', 'R 40,00', 'R 222,40', 'SUPPLIER B', 2, 8, NULL, NULL, NULL, NULL, NULL, NULL),
(66, 'Supplement-66', 'Powder', 'R 142,00', 'R 161,88', 'R 40,00', 'R 201,88', 'SUPPLIER B', 2, 1, NULL, NULL, NULL, NULL, NULL, NULL),
(67, 'Supplement-67', 'Powder', 'R 104,00', 'R 118,56', 'R 40,00', 'R 158,56', 'SUPPLIER B', 9, 39, NULL, NULL, NULL, NULL, NULL, NULL),
(68, 'Supplement-68', '60', 'R 211,00', 'R 240,54', 'R 40,00', 'R 280,54', 'SUPPLIER B', 2, 18, NULL, NULL, NULL, NULL, NULL, NULL),
(69, 'Supplement-69', '60', 'R 162,00', 'R 184,68', 'R 40,00', 'R 224,68', 'SUPPLIER B', 1, 48, NULL, NULL, NULL, NULL, NULL, NULL),
(70, 'Supplement-70', '60', 'R 184,00', 'R 209,76', 'R 40,00', 'R 249,76', 'SUPPLIER B', 2, 26, NULL, NULL, NULL, NULL, NULL, NULL),
(71, 'Supplement-71', '60', 'R 310,00', 'R 353,40', 'R 15,00', 'R 368,40', 'SUPPLIER A', 5, 3, NULL, NULL, NULL, NULL, NULL, NULL),
(72, 'Supplement-72', '64g (10 servings)', 'R 224,00', 'R 255,36', 'R 25,00', 'R 280,36', 'SUPPLIER A', 1, 17, NULL, NULL, NULL, NULL, NULL, NULL),
(73, 'Supplement-73', '90', 'R 235,77', 'R 268,78', 'R 40,00', 'R 308,78', 'SUPPLIER C', 7, 36, NULL, NULL, NULL, NULL, NULL, NULL),
(74, 'Supplement-74', '60', 'R 234,00', 'R 266,76', 'R 25,00', 'R 291,76', 'SUPPLIER A', 1, 15, NULL, NULL, NULL, NULL, NULL, NULL),
(75, 'Supplement-75', '90', 'R 197,00', 'R 224,58', 'R 40,00', 'R 264,58', 'SUPPLIER B', 6, 22, NULL, NULL, NULL, NULL, NULL, NULL),
(76, 'Supplement-76', '60', 'R 275,00', 'R 313,50', 'R 40,00', 'R 353,50', 'SUPPLIER B', 2, 8, NULL, NULL, NULL, NULL, NULL, NULL),
(77, 'Supplement-77', '120', 'R 220,00', 'R 250,80', 'R 15,00', 'R 265,80', 'SUPPLIER A', 1, 49, NULL, NULL, NULL, NULL, NULL, NULL),
(78, 'Supplement-78', '120', 'R 223,00', 'R 254,22', 'R 40,00', 'R 294,22', 'SUPPLIER B', 10, 49, NULL, NULL, NULL, NULL, NULL, NULL),
(79, 'Supplement-79', '30', 'R 172,00', 'R 196,08', 'R 40,00', 'R 236,08', 'SUPPLIER B', 3, 39, NULL, NULL, NULL, NULL, NULL, NULL),
(80, 'Supplement-80', '60', 'R 258,00', 'R 294,12', 'R 40,00', 'R 334,12', 'SUPPLIER B', 4, 36, NULL, NULL, NULL, NULL, NULL, NULL),
(81, 'Supplement-81', '60', 'R 287,00', 'R 327,18', 'R 40,00', 'R 367,18', 'SUPPLIER B', 5, 43, NULL, NULL, NULL, NULL, NULL, NULL),
(82, 'Supplement-82', '60', 'R 169,00', 'R 192,66', 'R 40,00', 'R 232,66', 'SUPPLIER B', 10, 7, NULL, NULL, NULL, NULL, NULL, NULL),
(83, 'Supplement-83', '30', 'R 259,00', 'R 295,26', 'R 20,00', 'R 315,26', 'SUPPLIER A', 1, 40, NULL, NULL, NULL, NULL, NULL, NULL),
(84, 'Supplement-84', '30', 'R 142,00', 'R 161,88', 'R 40,00', 'R 201,88', 'SUPPLIER B', 6, 6, NULL, NULL, NULL, NULL, NULL, NULL),
(85, 'Supplement-85', NULL, 'R 223,00', 'R 254,22', 'R 30,00', 'R 284,22', 'SUPPLIER A', 6, 31, NULL, NULL, NULL, NULL, NULL, NULL),
(86, 'Supplement-86', '60', 'R 177,00', 'R 201,78', 'R 25,00', 'R 226,78', 'SUPPLIER A', 1, 45, NULL, NULL, NULL, NULL, NULL, NULL),
(87, 'Supplement-87', '30', 'R 137,00', 'R 156,18', 'R 30,00', 'R 186,18', 'SUPPLIER A', 5, 48, NULL, NULL, NULL, NULL, NULL, NULL),
(88, 'Supplement-88', '1liter', 'R 306,03', 'R 348,87', NULL, 'R 348,87', NULL, 2, 17, NULL, NULL, NULL, NULL, NULL, NULL),
(89, 'Supplement-89', '90', 'R 274,00', 'R 312,36', 'R 40,00', 'R 352,36', 'SUPPLIER C', 2, 19, NULL, NULL, NULL, NULL, NULL, NULL),
(90, 'Supplement-90', '60', 'R 159,00', 'R 181,26', 'R 40,00', 'R 221,26', 'SUPPLIER B', 4, 19, NULL, NULL, NULL, NULL, NULL, NULL),
(91, 'Supplement-91', NULL, 'R 230,00', 'R 262,20', 'R 15,00', 'R 277,20', 'SUPPLIER A', 6, 3, NULL, NULL, NULL, NULL, NULL, NULL),
(92, 'Supplement-92', 'Powder', 'R 232,00', 'R 264,48', 'R 40,00', 'R 304,48', 'SUPPLIER B', 4, 20, NULL, NULL, NULL, NULL, NULL, NULL),
(93, 'Supplement-93', '200g', 'R 229,26', 'R 261,36', 'R 50,00', 'R 311,36', 'SUPPLIER C', 5, 36, NULL, NULL, NULL, NULL, NULL, NULL),
(94, 'Supplement-94', '60', 'R 221,00', 'R 251,94', 'R 25,00', 'R 276,94', 'SUPPLIER A', 6, 36, NULL, NULL, NULL, NULL, NULL, NULL),
(95, 'Supplement-95', '60', 'R 181,00', 'R 206,34', 'R 40,00', 'R 246,34', 'SUPPLIER A', 8, 13, NULL, NULL, NULL, NULL, NULL, NULL),
(96, 'Supplement-96', '300mg', 'R 176,00', 'R 200,64', 'R 25,00', 'R 225,64', 'SUPPLIER A', 10, 6, NULL, NULL, NULL, NULL, NULL, NULL),
(97, 'Supplement-97', '90\'s', 'R 201,00', 'R 229,14', 'R 25,00', 'R 254,14', 'SUPPLIER A', 4, 30, NULL, NULL, NULL, NULL, NULL, NULL),
(98, 'Supplement-98', '90', 'R 191,00', 'R 217,74', 'R 40,00', 'R 257,74', 'SUPPLIER B', 7, 49, NULL, NULL, NULL, NULL, NULL, NULL),
(99, 'Supplement-99', '60', 'R 185,00', 'R 210,90', 'R 25,00', 'R 235,90', 'SUPPLIER A', 7, 22, NULL, NULL, NULL, NULL, NULL, NULL),
(100, 'Supplement-100', '1 packet', 'R 127,92', 'R 145,83', 'R 0,00', 'R 145,83', NULL, 4, 25, NULL, NULL, NULL, NULL, NULL, NULL),
(101, 'Supplement-101', '30', 'R 237,00', 'R 270,18', 'R 25,00', 'R 295,18', 'SUPPLIER A', 6, 10, NULL, NULL, NULL, NULL, NULL, NULL),
(102, 'Supplement-102', '60\'s', 'R 199,00', 'R 226,86', 'R 25,00', 'R 251,86', 'SUPPLIER A', 1, 33, NULL, NULL, NULL, NULL, NULL, NULL),
(103, 'Supplement-103', '1', 'R 554,60', 'R 632,24', 'R 0,00', 'R 632,24', 'SUPPLIER C', 1, 45, NULL, NULL, NULL, NULL, NULL, NULL),
(104, 'Supplement-104', '60', 'R 363,00', 'R 413,82', 'R 25,00', 'R 438,82', 'SUPPLIER A', 2, 5, NULL, NULL, NULL, NULL, NULL, NULL),
(105, 'Supplement-105', '90', 'R 271,00', 'R 308,94', 'R 40,00', 'R 348,94', 'SUPPLIER B', 2, 39, NULL, NULL, NULL, NULL, NULL, NULL),
(106, 'Supplement-106', '120', 'R 266,00', 'R 303,24', 'R 25,00', 'R 328,24', 'SUPPLIER A', 3, 26, NULL, NULL, NULL, NULL, NULL, NULL),
(107, 'Supplement-107', '120', 'R 266,00', 'R 303,24', 'R 40,00', 'R 343,24', 'SUPPLIER A', 9, 6, NULL, NULL, NULL, NULL, NULL, NULL),
(108, 'Supplement-108', '90', 'R 273,00', 'R 311,22', 'R 25,00', 'R 336,22', 'SUPPLIER B', 6, 1, NULL, NULL, NULL, NULL, NULL, NULL),
(109, 'Supplement-109', '60', 'R 193,00', 'R 220,02', 'R 30,00', 'R 250,02', NULL, 6, 3, NULL, NULL, NULL, NULL, NULL, NULL),
(110, 'Supplement-110', '240g', 'R 213,00', 'R 242,82', 'R 40,00', 'R 282,82', 'SUPPLIER B', 7, 45, NULL, NULL, NULL, NULL, NULL, NULL),
(111, 'Supplement-111', NULL, '123', 'R 140,22', NULL, 'R 140,22', NULL, 3, 41, NULL, NULL, NULL, NULL, NULL, NULL),
(112, 'Supplement-112', NULL, 'R 2 408,00', 'R 2 745,12', 'R 16,00', 'R 2 761,12', NULL, 1, 34, NULL, NULL, NULL, NULL, NULL, NULL),
(113, 'Supplement-113', NULL, '117', 'R 133,38', NULL, 'R 133,38', NULL, 2, 13, NULL, NULL, NULL, NULL, NULL, NULL),
(114, 'Supplement-114', 'one month supply', 'R 221,00', 'R 251,94', 'R 20,00', 'R 271,94', 'SUPPLIER A', 8, 50, NULL, NULL, NULL, NULL, NULL, NULL),
(115, 'Supplement-115', '60', 'R 371,00', 'R 422,94', 'R 10,00', 'R 432,94', 'SUPPLIER A', 10, 44, NULL, NULL, NULL, NULL, NULL, NULL),
(116, 'Supplement-116', '30', 'R 220,00', 'R 250,80', 'R 30,00', 'R 280,80', 'SUPPLIER D', 4, 24, NULL, NULL, NULL, NULL, NULL, NULL),
(117, 'Supplement-117', '90', 'R 224,50', 'R 255,93', 'R 30,00', 'R 285,93', NULL, 1, 1, NULL, NULL, NULL, NULL, NULL, NULL),
(118, 'Supplement-118', '60', 'R 167,00', 'R 190,38', 'R 40,00', 'R 230,38', 'SUPPLIER B', 7, 6, NULL, NULL, NULL, NULL, NULL, NULL),
(119, 'Supplement-119', '42', 'R 178,44', 'R 203,42', 'R 60,00', 'R 263,42', 'SUPPLIER C', 8, 50, NULL, NULL, NULL, NULL, NULL, NULL),
(120, 'Supplement-120', '60', 'R 192,91', 'R 219,92', 'R 50,00', 'R 269,92', 'SUPPLIER C', 3, 9, NULL, NULL, NULL, NULL, NULL, NULL),
(121, 'Supplement-121', '30', 'R 270,00', 'R 307,80', 'R 20,00', 'R 327,80', 'SUPPLIER A', 1, 42, NULL, NULL, NULL, NULL, NULL, NULL),
(122, 'Supplement-122', NULL, 'R 233,00', 'R 265,62', 'R 30,00', 'R 295,62', 'SUPPLIER A', 5, 46, NULL, NULL, NULL, NULL, NULL, NULL),
(123, 'Supplement-123', 'Powder - 65 heaped spoons', 'R 292,00', 'R 332,88', 'R 40,00', 'R 372,88', 'SUPPLIER B', 1, 15, NULL, NULL, NULL, NULL, NULL, NULL),
(124, 'Supplement-124', '60', 'R 255,00', 'R 290,70', 'R 15,00', 'R 305,70', 'SUPPLIER A', 8, 5, NULL, NULL, NULL, NULL, NULL, NULL),
(125, 'Supplement-125', '90', 'R 145,00', 'R 165,30', 'R 40,00', 'R 205,30', 'SUPPLIER B', 10, 25, NULL, NULL, NULL, NULL, NULL, NULL),
(126, 'Supplement-126', '60', 'R 233,46', 'R 266,14', 'R 30,00', 'R 296,14', 'SUPPLIER C', 5, 12, NULL, NULL, NULL, NULL, NULL, NULL),
(127, 'Supplement-127', '90', 'R 171,00', 'R 194,94', 'R 40,00', 'R 234,94', 'SUPPLIER B', 9, 18, NULL, NULL, NULL, NULL, NULL, NULL),
(128, 'Supplement-128', '180', 'R 199,00', 'R 226,86', 'R 25,00', 'R 251,86', 'SUPPLIER A', 1, 47, NULL, NULL, NULL, NULL, NULL, NULL),
(129, 'Supplement-129', '60', 'R 240,00', 'R 273,60', 'R 30,00', 'R 303,60', 'SUPPLIER A', 5, 47, NULL, NULL, NULL, NULL, NULL, NULL),
(130, 'Supplement-130', '120', 'R 186,00', 'R 212,04', 'R 40,00', 'R 252,04', 'SUPPLIER A', 4, 35, NULL, NULL, NULL, NULL, NULL, NULL),
(131, 'Supplement-131', '120', 'R 270,00', 'R 307,80', 'R 25,00', 'R 332,80', 'SUPPLIER B', 3, 40, NULL, NULL, NULL, NULL, NULL, NULL),
(132, 'Supplement-132', '90', 'R 292,00', 'R 332,88', 'R 15,00', 'R 347,88', 'SUPPLIER A', 7, 16, NULL, NULL, NULL, NULL, NULL, NULL),
(133, 'Supplement-133', '60', 'R 235,00', 'R 267,90', 'R 40,00', 'R 307,90', 'SUPPLIER D', 8, 13, NULL, NULL, NULL, NULL, NULL, NULL),
(134, 'Supplement-134', NULL, 'R 194,00', 'R 221,16', 'R 40,00', 'R 261,16', 'SUPPLIER D', 6, 15, NULL, NULL, NULL, NULL, NULL, NULL),
(135, 'Supplement-135', '60', 'R 170,00', 'R 193,80', 'R 30,00', 'R 223,80', 'SUPPLIER A', 2, 10, NULL, NULL, NULL, NULL, NULL, NULL),
(136, 'Supplement-136', '60', 'R 207,00', 'R 235,98', 'R 40,00', 'R 275,98', 'SUPPLIER A', 5, 17, NULL, NULL, NULL, NULL, NULL, NULL),
(137, 'Supplement-137', '60', 'R 189,00', 'R 215,46', 'R 20,00', 'R 235,46', 'SUPPLIER A', 1, 17, NULL, NULL, NULL, NULL, NULL, NULL),
(138, 'Supplement-138', '90', 'R 271,00', 'R 308,94', 'R 20,00', 'R 328,94', 'SUPPLIER A', 3, 26, NULL, NULL, NULL, NULL, NULL, NULL),
(139, 'Supplement-139', '90', 'R 127,00', 'R 144,78', 'R 40,00', 'R 184,78', 'SUPPLIER A', 10, 32, NULL, NULL, NULL, NULL, NULL, NULL),
(140, 'Supplement-140', '90\'s', 'R 178,70', 'R 203,72', 'R 60,00', 'R 263,72', 'SUPPLIER C', 7, 24, NULL, NULL, NULL, NULL, NULL, NULL),
(141, 'Supplement-141', '120', 'R 207,00', 'R 235,98', 'R 40,00', 'R 275,98', 'SUPPLIER D', 3, 7, NULL, NULL, NULL, NULL, NULL, NULL),
(142, 'Supplement-142', NULL, 'R 148,00', 'R 168,72', 'R 10,00', 'R 178,72', 'SUPPLIER A', 2, 18, NULL, NULL, NULL, NULL, NULL, NULL),
(143, 'Supplement-143', '60', 'R 166,00', 'R 189,24', 'R 40,00', 'R 229,24', 'SUPPLIER B', 10, 5, NULL, NULL, NULL, NULL, NULL, NULL),
(144, 'Supplement-144', '60', 'R 170,00', 'R 193,80', 'R 40,00', 'R 233,80', 'SUPPLIER B', 8, 11, NULL, NULL, NULL, NULL, NULL, NULL),
(145, 'Supplement-145', '500mg 90\'s', 'R 222,00', 'R 253,08', 'R 25,00', 'R 278,08', 'SUPPLIER A', 4, 40, NULL, NULL, NULL, NULL, NULL, NULL),
(146, 'Supplement-146', '60', 'R 220,00', 'R 250,80', 'R 40,00', 'R 290,80', 'SUPPLIER B', 9, 21, NULL, NULL, NULL, NULL, NULL, NULL),
(147, 'Supplement-147', '60\'s', 'R 219,58', 'R 250,32', 'R 50,00', 'R 300,32', 'SUPPLIER C', 6, 42, NULL, NULL, NULL, NULL, NULL, NULL),
(148, 'Supplement-148', '60', 'R 188,60', 'R 215,00', 'R 60,00', 'R 275,00', 'SUPPLIER C', 8, 32, NULL, NULL, NULL, NULL, NULL, NULL),
(149, 'Supplement-149', '60', 'R 218,00', 'R 248,52', 'R 40,00', 'R 288,52', 'SUPPLIER B', 8, 48, NULL, NULL, NULL, NULL, NULL, NULL),
(150, 'Supplement-150', '120', 'R 325,00', 'R 370,50', 'R 40,00', 'R 410,50', 'SUPPLIER B', 3, 49, NULL, NULL, NULL, NULL, NULL, NULL),
(151, 'Supplement-151', '50ml', 'R 228,29', 'R 260,25', 'R 20,00', 'R 280,25', 'SUPPLIER A', 9, 4, NULL, NULL, NULL, NULL, NULL, NULL),
(152, 'Supplement-152', '60', 'R 229,00', 'R 261,06', 'R 40,00', 'R 301,06', 'SUPPLIER B', 7, 45, NULL, NULL, NULL, NULL, NULL, NULL),
(153, 'Supplement-153', '60', 'R 196,00', 'R 223,44', 'R 40,00', 'R 263,44', 'SUPPLIER B', 5, 3, NULL, NULL, NULL, NULL, NULL, NULL),
(154, 'Supplement-154', '180', 'R 304,00', 'R 346,56', 'R 10,00', 'R 356,56', 'SUPPLIER A', 3, 19, NULL, NULL, NULL, NULL, NULL, NULL),
(155, 'Supplement-155', '250g', 'R 148,00', 'R 168,72', 'R 20,00', 'R 188,72', 'SUPPLIER A', 3, 7, NULL, NULL, NULL, NULL, NULL, NULL),
(156, 'Supplement-156', '100 X 1.5g sachets', 'R 179,00', 'R 204,06', 'R 25,00', 'R 229,06', 'SUPPLIER A', 3, 31, NULL, NULL, NULL, NULL, NULL, NULL),
(157, 'Supplement-157', '90', 'R 239,00', 'R 272,46', 'R 30,00', 'R 302,46', 'SUPPLIER B', 8, 28, NULL, NULL, NULL, NULL, NULL, NULL),
(158, 'Supplement-158', '60', 'R 166,50', 'R 189,81', 'R 40,00', 'R 229,81', 'SUPPLIER B', 3, 10, NULL, NULL, NULL, NULL, NULL, NULL),
(159, 'Supplement-159', '60', 'R 223,00', 'R 254,22', 'R 40,00', 'R 294,22', 'SUPPLIER B', 2, 48, NULL, NULL, NULL, NULL, NULL, NULL),
(160, 'Supplement-160', '60', 'R 258,00', 'R 294,12', 'R 40,00', 'R 334,12', NULL, 2, 40, NULL, NULL, NULL, NULL, NULL, NULL),
(161, 'Supplement-161', '60', 'R 199,00', 'R 226,86', 'R 40,00', 'R 266,86', 'SUPPLIER B', 8, 20, NULL, NULL, NULL, NULL, NULL, NULL),
(162, 'Supplement-162', 'big bottle', 'R 240,00', 'R 273,60', 'R 20,00', 'R 293,60', NULL, 4, 32, NULL, NULL, NULL, NULL, NULL, NULL),
(163, 'Supplement-163', '50ml', 'R 155,00', 'R 176,70', 'R 40,00', 'R 216,70', 'SUPPLIER B', 10, 43, NULL, NULL, NULL, NULL, NULL, NULL),
(164, 'Supplement-164', '60', 'R 254,00', 'R 289,56', 'R 40,00', 'R 329,56', 'SUPPLIER B', 8, 24, NULL, NULL, NULL, NULL, NULL, NULL),
(165, 'Supplement-165', NULL, 'R 271,00', 'R 308,94', 'R 25,00', 'R 333,94', 'SUPPLIER A', 9, 49, NULL, NULL, NULL, NULL, NULL, NULL),
(166, 'Supplement-166', '60', 'R 179,00', 'R 204,06', 'R 40,00', 'R 244,06', 'SUPPLIER B', 6, 42, NULL, NULL, NULL, NULL, NULL, NULL),
(167, 'Supplement-167', '60', 'R 194,00', 'R 221,16', 'R 40,00', 'R 261,16', 'SUPPLIER B', 1, 35, NULL, NULL, NULL, NULL, NULL, NULL),
(168, 'Supplement-168', '60', 'R 194,00', 'R 221,16', 'R 45,00', 'R 266,16', NULL, 5, 29, NULL, NULL, NULL, NULL, NULL, NULL),
(169, 'Supplement-169', '60', 'R 222,00', 'R 253,08', 'R 25,00', 'R 278,08', 'SUPPLIER A', 6, 33, NULL, NULL, NULL, NULL, NULL, NULL),
(170, 'Supplement-170', '450g', 'R 221,00', 'R 251,94', 'R 20,00', 'R 271,94', 'SUPPLIER B', 3, 21, NULL, NULL, NULL, NULL, NULL, NULL),
(171, 'Supplement-171', '60', 'R 382,00', 'R 435,48', 'R 20,00', 'R 455,48', 'SUPPLIER A', 5, 25, NULL, NULL, NULL, NULL, NULL, NULL),
(172, 'Supplement-172', '60', 'R 185,00', 'R 210,90', 'R 40,00', 'R 250,90', 'SUPPLIER B', 6, 12, NULL, NULL, NULL, NULL, NULL, NULL),
(173, 'Supplement-173', '180', 'R 283,00', 'R 322,62', 'R 40,00', 'R 362,62', 'SUPPLIER B', 5, 5, NULL, NULL, NULL, NULL, NULL, NULL),
(174, 'Supplement-174', '30', 'R 306,00', 'R 348,84', 'R 30,00', 'R 378,84', 'SUPPLIER A', 4, 42, NULL, NULL, NULL, NULL, NULL, NULL),
(175, 'Supplement-175', '30', 'R 282,00', 'R 321,48', 'R 40,00', 'R 361,48', 'SUPPLIER B', 8, 18, NULL, NULL, NULL, NULL, NULL, NULL),
(176, 'Supplement-176', '60', 'R 179,00', 'R 204,06', 'R 40,00', 'R 244,06', 'SUPPLIER B', 1, 11, NULL, NULL, NULL, NULL, NULL, NULL),
(177, 'Supplement-177', '60', 'R 217,00', 'R 247,38', 'R 40,00', 'R 287,38', 'SUPPLIER B', 2, 28, NULL, NULL, NULL, NULL, NULL, NULL),
(178, 'Supplement-178', '320ml', 'R 217,33', 'R 247,76', 'R 15,00', 'R 262,76', 'SUPPLIER B', 7, 20, NULL, NULL, NULL, NULL, NULL, NULL),
(179, 'Supplement-179', '60', 'R 290,00', 'R 330,60', 'R 10,00', 'R 340,60', 'SUPPLIER A', 8, 23, NULL, NULL, NULL, NULL, NULL, NULL),
(180, 'Supplement-180', '60', 'R 179,00', 'R 204,06', 'R 25,00', 'R 229,06', 'SUPPLIER A', 6, 4, NULL, NULL, NULL, NULL, NULL, NULL),
(181, 'Supplement-181', NULL, 'R 211,00', 'R 240,54', 'R 25,00', 'R 265,54', 'SUPPLIER A', 7, 27, NULL, NULL, NULL, NULL, NULL, NULL),
(182, 'Supplement-182', '60', 'R 239,00', 'R 272,46', 'R 40,00', 'R 312,46', 'SUPPLIER B', 2, 6, NULL, NULL, NULL, NULL, NULL, NULL),
(183, 'Supplement-183', '60', 'R 266,00', 'R 303,24', 'R 15,00', 'R 318,24', 'SUPPLIER A', 9, 29, NULL, NULL, NULL, NULL, NULL, NULL),
(184, 'Supplement-184', '30', 'R 317,00', 'R 361,38', 'R 30,00', 'R 391,38', 'SUPPLIER A', 2, 19, NULL, NULL, NULL, NULL, NULL, NULL),
(185, 'Supplement-185', 'one month supply', 'R 184,00', 'R 209,76', 'R 20,00', 'R 229,76', 'SUPPLIER A', 6, 20, NULL, NULL, NULL, NULL, NULL, NULL),
(186, 'Supplement-186', '60', 'R 229,00', 'R 261,06', 'R 40,00', 'R 301,06', 'SUPPLIER B', 5, 4, NULL, NULL, NULL, NULL, NULL, NULL),
(187, 'Supplement-187', '60', 'R 168,00', 'R 191,52', 'R 40,00', 'R 231,52', 'SUPPLIER B', 7, 42, NULL, NULL, NULL, NULL, NULL, NULL),
(188, 'Supplement-188', 'Book and chart', 'R 169,00', 'R 192,66', NULL, 'R 192,66', NULL, 10, 30, NULL, NULL, NULL, NULL, NULL, NULL),
(189, 'Supplement-189', '30', 'R 140,00', 'R 159,60', 'R 40,00', 'R 199,60', 'SUPPLIER B', 4, 42, NULL, NULL, NULL, NULL, NULL, NULL),
(190, 'Supplement-190', 'one month supply', 'R 266,00', 'R 303,24', 'R 20,00', 'R 323,24', 'SUPPLIER A', 1, 31, NULL, NULL, NULL, NULL, NULL, NULL),
(191, 'Supplement-191', '200g', 'R 296,00', 'R 337,44', 'R 15,00', 'R 352,44', 'SUPPLIER A', 1, 25, NULL, NULL, NULL, NULL, NULL, NULL),
(192, 'Supplement-192', '30', 'R 232,00', 'R 264,48', 'R 40,00', 'R 304,48', 'SUPPLIER B', 7, 24, NULL, NULL, NULL, NULL, NULL, NULL),
(193, 'Supplement-193', 'Book', 'R 234,00', 'R 266,76', NULL, 'R 266,76', NULL, 10, 2, NULL, NULL, NULL, NULL, NULL, NULL),
(194, 'Supplement-194', '90', 'R 241,00', 'R 274,74', 'R 15,00', 'R 289,74', 'SUPPLIER A', 4, 15, NULL, NULL, NULL, NULL, NULL, NULL),
(195, 'Supplement-195', NULL, 'R 271,00', 'R 308,94', 'R 20,00', 'R 328,94', 'SUPPLIER A', 10, 7, NULL, NULL, NULL, NULL, NULL, NULL),
(196, 'Supplement-196', '30 Sachets', 'R 299,00', 'R 340,86', 'R 20,00', 'R 360,86', 'SUPPLIER A', 8, 14, NULL, NULL, NULL, NULL, NULL, NULL),
(197, 'Supplement-197', '30ml', 'R 274,00', 'R 312,36', 'R 20,00', 'R 332,36', 'SUPPLIER A', 2, 5, NULL, NULL, NULL, NULL, NULL, NULL),
(198, 'Supplement-198', '50ml', 'R 202,00', 'R 230,28', 'R 30,00', 'R 260,28', 'SUPPLIER A', 4, 37, NULL, NULL, NULL, NULL, NULL, NULL),
(199, 'Supplement-199', '30ml', 'R 267,00', 'R 304,38', 'R 30,00', 'R 334,38', 'SUPPLIER A', 1, 26, NULL, NULL, NULL, NULL, NULL, NULL),
(200, 'Supplement-200', '15ml', 'R 242,00', 'R 275,88', 'R 30,00', 'R 305,88', 'SUPPLIER A', 5, 12, NULL, NULL, NULL, NULL, NULL, NULL),
(201, 'Supplement-201', '50ml', 'R 244,00', 'R 278,16', 'R 30,00', 'R 308,16', 'SUPPLIER A', 4, 45, NULL, NULL, NULL, NULL, NULL, NULL),
(202, 'Supplement-202', '100ml', 'R 210,00', 'R 239,40', 'R 30,00', 'R 269,40', 'SUPPLIER A', 10, 46, NULL, NULL, NULL, NULL, NULL, NULL),
(203, 'Supplement-203', '50ml', 'R 342,00', 'R 389,88', 'R 30,00', 'R 419,88', 'SUPPLIER A', 6, 29, NULL, NULL, NULL, NULL, NULL, NULL),
(204, 'Supplement-204', NULL, 'R 305,00', 'R 347,70', 'R 25,00', 'R 372,70', 'SUPPLIER A', 6, 25, NULL, NULL, NULL, NULL, NULL, NULL),
(205, 'Supplement-205', NULL, 'R 268,00', 'R 305,52', 'R 20,00', 'R 325,52', 'SUPPLIER A', 7, 10, NULL, NULL, NULL, NULL, NULL, NULL),
(206, 'Supplement-206', NULL, 'R 291,00', 'R 331,74', 'R 25,00', 'R 356,74', 'SUPPLIER A', 6, 15, NULL, NULL, NULL, NULL, NULL, NULL),
(207, 'Supplement-207', '60', 'R 552,20', 'R 629,51', 'R 0,00', 'R 629,51', NULL, 4, 1, NULL, NULL, NULL, NULL, NULL, NULL),
(208, 'Supplement-208', '60', 'R 252,00', 'R 287,28', 'R 25,00', 'R 312,28', 'SUPPLIER A', 9, 35, NULL, NULL, NULL, NULL, NULL, NULL),
(209, 'Supplement-209', '60', 'R 180,00', 'R 205,20', 'R 40,00', 'R 245,20', 'SUPPLIER B', 5, 21, NULL, NULL, NULL, NULL, NULL, NULL),
(210, 'Supplement-210', 'Powder', 'R 171,00', 'R 194,94', 'R 40,00', 'R 234,94', 'SUPPLIER B', 1, 42, NULL, NULL, NULL, NULL, NULL, NULL),
(211, 'Supplement-211', '60', 'R 211,00', 'R 240,54', 'R 40,00', 'R 280,54', 'SUPPLIER B', 10, 33, NULL, NULL, NULL, NULL, NULL, NULL),
(212, 'Supplement-212', '90', 'R 264,00', 'R 300,96', 'R 20,00', 'R 320,96', 'SUPPLIER A', 9, 28, NULL, NULL, NULL, NULL, NULL, NULL),
(213, 'Supplement-213', '60', 'R 228,00', 'R 259,92', 'R 20,00', 'R 279,92', 'SUPPLIER A', 9, 35, NULL, NULL, NULL, NULL, NULL, NULL),
(214, 'Supplement-214', NULL, 'R 231,00', 'R 263,34', 'R 0,00', 'R 263,34', NULL, 3, 30, NULL, NULL, NULL, NULL, NULL, NULL),
(215, 'Supplement-215', '60', 'R 248,00', 'R 282,72', 'R 25,00', 'R 307,72', 'SUPPLIER A', 10, 20, NULL, NULL, NULL, NULL, NULL, NULL),
(216, 'Supplement-216', '90', 'R 316,00', 'R 360,24', 'R 40,00', 'R 400,24', 'SUPPLIER B', 6, 12, NULL, NULL, NULL, NULL, NULL, NULL),
(217, 'Supplement-217', '90', 'R 329,00', 'R 375,06', 'R 20,00', 'R 395,06', 'SUPPLIER A', 8, 5, NULL, NULL, NULL, NULL, NULL, NULL),
(218, 'Supplement-218', '180', 'R 202,00', 'R 230,28', 'R 40,00', 'R 270,28', 'SUPPLIER B', 8, 16, NULL, NULL, NULL, NULL, NULL, NULL),
(219, 'Supplement-219', '180', 'R 215,00', 'R 245,10', 'R 30,00', 'R 275,10', 'SUPPLIER A', 9, 23, NULL, NULL, NULL, NULL, NULL, NULL),
(220, 'Supplement-220', '50ml', 'R 281,00', 'R 320,34', 'R 40,00', 'R 360,34', 'SUPPLIER B', 7, 35, NULL, NULL, NULL, NULL, NULL, NULL),
(221, 'Supplement-221', '60', 'R 193,00', 'R 220,02', 'R 40,00', 'R 260,02', 'SUPPLIER B', 4, 22, NULL, NULL, NULL, NULL, NULL, NULL),
(222, 'Supplement-222', NULL, 'R 309,00', 'R 352,26', 'R 10,00', 'R 362,26', NULL, 8, 6, NULL, NULL, NULL, NULL, NULL, NULL),
(223, 'Supplement-223', NULL, 'R 315,00', 'R 359,10', 'R 20,00', 'R 379,10', NULL, 9, 24, NULL, NULL, NULL, NULL, NULL, NULL),
(224, 'Supplement-224', NULL, 'R 272,00', 'R 310,08', 'R 35,00', 'R 345,08', NULL, 4, 47, NULL, NULL, NULL, NULL, NULL, NULL),
(225, 'Supplement-225', NULL, 'R 186,50', 'R 212,61', 'R 40,00', 'R 252,61', NULL, 5, 31, NULL, NULL, NULL, NULL, NULL, NULL),
(226, 'Supplement-226', NULL, 'R 132,00', 'R 150,48', NULL, 'R 150,48', NULL, 9, 36, NULL, NULL, NULL, NULL, NULL, NULL),
(227, 'Supplement-227', NULL, 'R 292,00', 'R 332,88', 'R 20,00', 'R 352,88', NULL, 10, 9, NULL, NULL, NULL, NULL, NULL, NULL),
(228, 'Supplement-228', NULL, 'R 197,16', 'R 224,76', 'R 20,00', 'R 244,76', 'SUPPLIER C', 6, 28, NULL, NULL, NULL, NULL, NULL, NULL),
(229, 'Supplement-229', NULL, 'R 156,20', 'R 178,07', 'R 40,00', 'R 218,07', 'SUPPLIER C', 4, 24, NULL, NULL, NULL, NULL, NULL, NULL),
(230, 'Supplement-230', '180', 'R 216,00', 'R 246,24', 'R 40,00', 'R 286,24', 'SUPPLIER A', 7, 8, NULL, NULL, NULL, NULL, NULL, NULL),
(231, 'Supplement-231', '60', 'R 328,00', 'R 373,92', 'R 15,00', 'R 388,92', 'SUPPLIER A', 7, 46, NULL, NULL, NULL, NULL, NULL, NULL),
(232, 'Supplement-232', '60', 'R 295,00', 'R 336,30', 'R 25,00', 'R 361,30', 'SUPPLIER A', 2, 8, NULL, NULL, NULL, NULL, NULL, NULL),
(233, 'Supplement-233', NULL, 'R 237,71', 'R 270,99', 'R 25,00', 'R 295,99', 'SUPPLIER A', 9, 15, NULL, NULL, NULL, NULL, NULL, NULL),
(234, 'Supplement-234', '60', 'R 270,00', 'R 307,80', 'R 20,00', 'R 327,80', 'SUPPLIER A', 10, 48, NULL, NULL, NULL, NULL, NULL, NULL),
(235, 'Supplement-235', '150g', 'R 192,89', 'R 219,89', 'R 50,00', 'R 269,89', 'SUPPLIER C', 8, 37, NULL, NULL, NULL, NULL, NULL, NULL),
(236, 'Supplement-236', '60', 'R 205,00', 'R 233,70', 'R 0,00', 'R 233,70', 'SUPPLIER A', 7, 32, NULL, NULL, NULL, NULL, NULL, NULL),
(237, 'Supplement-237', NULL, 'R 186,00', 'R 212,04', 'R 0,00', 'R 212,04', 'SUPPLIER A', 5, 44, NULL, NULL, NULL, NULL, NULL, NULL),
(238, 'Supplement-238', '60', 'R 211,00', 'R 240,54', 'R 20,00', 'R 260,54', 'SUPPLIER A', 3, 34, NULL, NULL, NULL, NULL, NULL, NULL),
(239, 'Supplement-239', '30', 'R 261,00', 'R 297,54', 'R 40,00', 'R 337,54', 'SUPPLIER B', 9, 36, NULL, NULL, NULL, NULL, NULL, NULL),
(240, 'Supplement-240', '60', 'R 144,00', 'R 164,16', 'R 40,00', 'R 204,16', 'SUPPLIER B', 3, 37, NULL, NULL, NULL, NULL, NULL, NULL),
(241, 'Supplement-241', NULL, 'R 238,00', 'R 271,32', 'R 10,00', 'R 281,32', 'SUPPLIER A', 1, 46, NULL, NULL, NULL, NULL, NULL, NULL),
(242, 'Supplement-242', NULL, 'R 269,00', 'R 306,66', 'R 20,00', 'R 326,66', 'SUPPLIER A', 4, 5, NULL, NULL, NULL, NULL, NULL, NULL),
(243, 'Supplement-243', NULL, 'R 154,00', 'R 175,56', 'R 20,00', 'R 195,56', 'SUPPLIER A', 2, 19, NULL, NULL, NULL, NULL, NULL, NULL),
(244, 'Supplement-244', '180', 'R 281,00', 'R 320,34', 'R 40,00', 'R 360,34', 'SUPPLIER B', 7, 49, NULL, NULL, NULL, NULL, NULL, NULL),
(245, 'Supplement-245', 'one month supply', 'R 288,80', 'R 329,23', 'R 0,00', 'R 329,23', 'SUPPLIER E', 9, 40, NULL, NULL, NULL, NULL, NULL, NULL);

-- --------------------------------------------------------

--
-- Table structure for table `users`
--

CREATE TABLE `users` (
  `id` int(6) NOT NULL,
  `username` varchar(50) NOT NULL,
  `password` varchar(255) NOT NULL,
  `created_at` datetime DEFAULT current_timestamp(),
  `type` varchar(10) NOT NULL
) ENGINE=InnoDB DEFAULT CHARSET=latin1;

--
-- Dumping data for table `users`
--

INSERT INTO `users` (`id`, `username`, `password`, `created_at`, `type`) VALUES
(7, 'Hcp-Sbu', '$2y$10$Za/C2Aa31lGDSIq5SSOKBuj76PlOseppyZVda8KeDb4xppM9H5EkW', '2019-10-17 16:07:35', 'top-user'),
(9, 'super-user', '$2y$10$DEXuxzDIHuJ48J6t5JBn0Otxni5QAmUNQyijtzOrB5YGX5rUR2ovq', '2019-11-22 22:13:08', 'top-user'),
(10, 'ga-user01', '$2y$10$tyEexwC7/1ZJf24J.tCnmezbHTnhJdutQsKNHt4k4alkQ9unwGjfe', '2019-11-22 22:15:49', 'ga-user'),
(11, 'Sbu', '$2y$10$u5JNgjBPqzPtZApo1JCpX.vZlSZs5tb6iYhkwf3tH7V/XFvxViHcy', '2019-11-25 08:35:43', 'ga-user');

-- --------------------------------------------------------

--
-- Table structure for table `userss`
--

CREATE TABLE `userss` (
  `id` int(11) NOT NULL,
  `name` varchar(255) NOT NULL,
  `email` varchar(255) NOT NULL,
  `password` varchar(255) NOT NULL,
  `contact` varchar(255) NOT NULL,
  `city` varchar(255) NOT NULL,
  `address` varchar(255) NOT NULL
) ENGINE=InnoDB DEFAULT CHARSET=latin1;

--
-- Dumping data for table `userss`
--

INSERT INTO `userss` (`id`, `name`, `email`, `password`, `contact`, `city`, `address`) VALUES
(4, 'yugesh verma', 'yugeshverma32@gmail.com', '14e1b600b1fd579f47433b88e8d85291', '6263056779', 'bhilai', '25 commercial complex, nehru nagar,east near vijya bank, bhilai C.G.'),
(5, 'yugesh', 'yugeshverma@gmail.com', '14e1b600b1fd579f47433b88e8d85291', '9165063741', 'bhilai', 'bhilai'),
(0, 'junior', 'junior@yahoo.com', '14e1b600b1fd579f47433b88e8d85291', '1245879365', 'jozi', 'hhh half');

-- --------------------------------------------------------

--
-- Table structure for table `users_items`
--

CREATE TABLE `users_items` (
  `id` int(11) NOT NULL,
  `user_id` int(11) NOT NULL,
  `item_id` int(11) NOT NULL,
  `status` enum('Added to cart','Confirmed') NOT NULL
) ENGINE=InnoDB DEFAULT CHARSET=latin1;

--
-- Dumping data for table `users_items`
--

INSERT INTO `users_items` (`id`, `user_id`, `item_id`, `status`) VALUES
(7, 3, 3, 'Added to cart'),
(8, 3, 4, 'Added to cart'),
(9, 3, 5, 'Added to cart'),
(10, 3, 11, 'Added to cart'),
(11, 1, 9, 'Added to cart'),
(12, 1, 2, 'Added to cart'),
(13, 1, 8, 'Added to cart'),
(14, 4, 2, 'Confirmed'),
(18, 5, 11, 'Added to cart'),
(20, 5, 5, 'Added to cart'),
(0, 0, 2, 'Confirmed'),
(0, 6, 2, 'Confirmed'),
(0, 6, 1, 'Confirmed'),
(0, 6, 1, 'Confirmed'),
(0, 6, 2, 'Confirmed');

--
-- Indexes for dumped tables
--

--
-- Indexes for table `booking`
--
ALTER TABLE `booking`
  ADD PRIMARY KEY (`apmnt_date`,`start_time`),
  ADD KEY `FK_booking_client_id_num` (`client_id_num`) USING BTREE;

--
-- Indexes for table `clientreference`
--
ALTER TABLE `clientreference`
  ADD PRIMARY KEY (`client_ref_id`);

--
-- Indexes for table `clients`
--
ALTER TABLE `clients`
  ADD PRIMARY KEY (`client_id_num`),
  ADD KEY `FK_client_ref` (`client_ref_id`);

--
-- Indexes for table `invoice`
--
ALTER TABLE `invoice`
  ADD PRIMARY KEY (`invNum`),
  ADD KEY `client_id_num` (`client_id_num`);

--
-- Indexes for table `mytable`
--
ALTER TABLE `mytable`
  ADD PRIMARY KEY (`Suppl_id`);

--
-- Indexes for table `supplement`
--
ALTER TABLE `supplement`
  ADD PRIMARY KEY (`FIELD1`);

--
-- Indexes for table `users`
--
ALTER TABLE `users`
  ADD PRIMARY KEY (`id`),
  ADD UNIQUE KEY `username` (`username`);

--
-- AUTO_INCREMENT for dumped tables
--

--
-- AUTO_INCREMENT for table `users`
--
ALTER TABLE `users`
  MODIFY `id` int(6) NOT NULL AUTO_INCREMENT, AUTO_INCREMENT=12;
COMMIT;

/*!40101 SET CHARACTER_SET_CLIENT=@OLD_CHARACTER_SET_CLIENT */;
/*!40101 SET CHARACTER_SET_RESULTS=@OLD_CHARACTER_SET_RESULTS */;
/*!40101 SET COLLATION_CONNECTION=@OLD_COLLATION_CONNECTION */;
